State,District,Latitude,Longitude,Elevation_m,Water_Occurrence_pct,NDVI_2024
Andhra Pradesh,Alluri Sitharama,18.0591962,82.6749006,1063.91754408211,25.023809523809522,0.6178182954881226
Andhra Pradesh,Anakapalli,17.6715331,82.7747567,137.77438399325055,42.81383443625902,0.673154987047148
Andhra Pradesh,Ananthapuramu,14.0126989,78.4180222,449.4023359328116,40.43140363774482,0.41771430061790543
Andhra Pradesh,Annamayya,13.7883575,78.6346286,606.5275905419564,17.929515943294998,0.4467717487262566
Andhra Pradesh,Bapatla,15.9344304,80.4505522,4.820399780595442,35.989779700100996,0.47839716977634755
Andhra Pradesh,Chittoor,13.325036,79.6480611,102.60894694475527,11.7384757178303,0.5870477396102373
Andhra Pradesh,"Dr. B.R.
Ambedkar",16.6294048,82.081931,8.797340888802513,26.74313376914208,0.6070487067522198
Andhra Pradesh,East Godavari,16.9956639,81.7154378,17.236979241709616,80.36969855718779,0.4676091499233149
Andhra Pradesh,Eluru,16.7104257,81.1153816,13.496272111762416,24.235481310883536,0.47665826169118347
Andhra Pradesh,Guntur,16.2915189,80.4541588,26.40720352353143,25.593591021135897,0.4153857985185248
Andhra Pradesh,Kakinada,16.9437385,82.2350607,4.573970755065047,89.64714517869662,0.4063898420124395
Andhra Pradesh,Krishna,16.2135466,81.0277844,7.273546480859149,62.604481017610375,0.5206448362399458
Andhra Pradesh,Kurnool,15.8309251,78.0425373,286.5778327871082,40.359346075482435,0.3827500858286267
Andhra Pradesh,Nandyal,15.4736293,78.4806592,212.51427388200074,47.75588830544967,0.44586949340423015
Andhra Pradesh,Ntr,16.8169118,80.2502299,58.118165153619636,31.24669687347635,0.5804825673698562
Andhra Pradesh,Palnadu,16.3231038,79.6975049,198.44582312241366,13.390111546578249,0.48126573051332244
Andhra Pradesh,Parvathipuram,18.783186,83.4278759,132.06665351126375,26.489164414772453,0.53435202343114
Andhra Pradesh,Prakasam,15.5641955,80.0066786,18.544336151828563,28.920824399142024,0.42626351473818447
Andhra Pradesh,Sri Potti,14.3435985,79.9314117,20.78997499673556,50.32748746198651,0.47496703888326647
Andhra Pradesh,Sri Sathya Sai,14.1681806,77.9641188,615.6562517256157,36.2608153688223,0.4853351838205689
Andhra Pradesh,Srikakulam,18.2949307,83.8938844,15.748196822091346,31.0250124163877,0.490839993686337
Andhra Pradesh,Tirupati,13.6316368,79.4231711,219.74791384818835,13.845786574168148,0.4896630805332563
Andhra Pradesh,Visakhapatnam,17.6935526,83.2921297,27.217920526342695,98.02415399865399,0.3735717741742669
Andhra Pradesh,Vizianagaram,18.1141255,83.4114389,73.78341332498083,33.97859911986582,0.49104800789104175
Andhra Pradesh,West Godavari,16.6443029,81.5885247,10.487441673647568,17.300559886435337,0.5421897303163602
Andhra Pradesh,Y.S.R.,14.4019236,79.9226275,30.21644823585021,59.52271148831092,0.44350299039172886
Arunachal Pradesh,Anjaw,28.1553856,96.8407212,3726.1961324210624,73.65075164232842,0.24736546222943562
Arunachal Pradesh,Changlang,27.2698797,96.0602442,479.15027575081035,1.9166666666666663,0.7674301949703086
Arunachal Pradesh,Dibang Valley,28.8291044,95.9554096,2002.7444078703704,64.51914679014739,0.7308921165936467
Arunachal Pradesh,East Kameng,27.557781,93.0753012,1328.003850280983,,0.7493882870654452
Arunachal Pradesh,East Siang,28.0742219,95.4178149,163.94448521254958,59.31499170711724,0.4910276558338909
Arunachal Pradesh,Kamle,27.7312325,94.0964663,1181.2381311825525,77.18557860050423,0.746077118560755
Arunachal Pradesh,Kra Daadi,27.9635418,93.7665654,1214.1177759903894,45.13155684507907,0.7064904331458761
Arunachal Pradesh,Kurung Kumey,27.9863677,93.1578347,1902.0807303347453,59.90482551344128,0.6574543562399581
Arunachal Pradesh,Lohit,28.0350162,96.1713515,714.4184706662596,32.24468085106374,0.6390092602658654
Arunachal Pradesh,Longding,26.8794546,95.3155652,744.8834678474376,3.0746268656716427,0.7203651068717951
Arunachal Pradesh,Lower Dibang,28.2149563,95.878774,1534.9197763017385,9.379084967320264,0.708652095295534
Arunachal Pradesh,Lower Siang,27.8006983,94.5650233,692.7180448040206,24.215053763440913,0.7638341852487777
Arunachal Pradesh,Lower Subansiri,27.6059753,93.8669707,1855.8856041753963,8.838679245283018,0.6019173393604925
Arunachal Pradesh,Namsai,27.7140306,96.0159709,235.27726359075228,,0.7940091027978834
Arunachal Pradesh,Pakke Kessang,27.1582856,93.1561502,1481.411269458763,4.378217821782177,0.681873882597252
Arunachal Pradesh,Papum Pare,27.2863667,93.6187716,1566.3763897302279,,0.6954735967274732
Arunachal Pradesh,Shi Yomi,28.6851663,94.2367824,2907.6319048275177,,0.5539430059185969
Arunachal Pradesh,Siang,28.477492,94.8165573,1198.9335043364135,5.098039215686274,0.736910742004944
Arunachal Pradesh,Tawang,27.5879186,91.863733,2772.6242905806207,49.9814588149961,0.6161026785670761
Arunachal Pradesh,Tirap,27.030169,95.4979175,564.1424193021,2.5483870967741935,0.7682387732963425
Arunachal Pradesh,Upper Siang,28.7312046,95.0377315,1875.9424768837434,12.789473684210524,0.6930111935260952
Arunachal Pradesh,Upper Subansiri,28.2596054,94.0938106,1059.8771584380902,73.61299690973517,0.7597633483216826
Arunachal Pradesh,West Kameng,27.2986936,92.4741211,1886.2344690580467,38.377763578274745,0.6832443735877697
Arunachal Pradesh,West Siang,28.1970922,94.48407,1910.559842129404,2.0,0.6136640700568241
Assam,Baksa,26.6275689,91.3388551,65.34698095950452,23.197859228024708,0.6047533733658625
Assam,Barpeta,26.345941,91.039708,41.47692190384799,17.99018731182507,0.48522078678544167
Assam,Biswanath,26.7938596,93.3591936,80.19962243391012,32.24210783360195,0.5222180547841011
Assam,Bongaigaon,26.4800126,90.5580387,61.51599977886835,32.15275258877897,0.5842095244950695
Assam,Cachar,24.75864,92.8816648,25.706803137690102,44.39958772994373,0.4844015434689425
Assam,Charaideo,27.0696859,95.0642272,106.79469544291177,35.087655239255156,0.6111093958691207
Assam,Chirang,26.6464231,90.624157,95.92678010514618,2.6136567834681075,0.6775351619529805
Assam,Darrang,26.4373481,92.0047145,59.81358857465321,8.247968394750234,0.5232058038796785
Assam,Dhemaji,27.5945155,94.7192098,116.1762005897105,12.837300765886901,0.5487445764763184
Assam,Dhubri,26.132275,90.1249962,31.92313207128368,30.149793262194166,0.4015678726237486
Assam,Dibrugarh,27.4844597,94.9019447,106.07009134870542,33.58249520313851,0.3063560232337235
Assam,Dima Hasao,25.4003625,93.0752292,280.87664833576844,2.0000000000000004,0.7631409565631647
Assam,Goalpara,26.0491877,90.6001859,67.03427520508096,7.004042191221266,0.6066110193226819
Assam,Golaghat,26.5108262,93.9743686,100.36992083344056,34.95423341995375,0.5869618988679375
Assam,Hailakandi,24.6846916,92.5645836,25.644201922964776,34.082223431901404,0.5289113593563171
Assam,Hojai,25.9629402,92.981829,86.65365983781564,56.82801793418484,0.5014076804493679
Assam,Jorhat,26.7577925,94.2079645,94.08785622358575,36.39174679332172,0.5638796977008922
Assam,Kamrup,26.1468861,91.2227397,42.830030601537445,51.36940282483002,0.2588336654822598
Assam,Kamrup Metro,26.1161783,91.7972485,106.59668898828183,13.769159741458946,0.5028458256238331
Assam,Karbi Anglong,26.0712781,93.4552969,651.4820067010576,,0.7509553482961298
Assam,Karimganj,24.5828196,92.3725487,44.34283297926951,12.579333257885267,0.6469964816756067
Assam,Kokrajhar,26.4912104,90.1215209,51.27283650975721,18.394759593003727,0.5572509565268495
Assam,Lakhimpur,27.1763356,94.1992932,86.62999744616612,36.93905386470323,0.5054980027944186
Assam,Majuli,27.0219529,94.327423,88.09052726235691,23.544702921911206,0.5538110383864995
Assam,Marigaon,26.290712,92.2922184,58.42225425112474,9.251118673871337,0.5350581180062817
Assam,Nagaon,26.3313646,92.7524763,68.22153092475327,11.466331444381606,0.5980047145376629
Assam,Nalbari,26.3533632,91.3983662,47.53565065527183,17.789736794197232,0.5525335985456056
Assam,Sivasagar,26.9834936,94.6394226,93.9409877111466,65.53872105885601,0.5590772913937951
Assam,Sonitpur,26.7677707,92.7014089,82.44775111250112,23.597953964194414,0.6108008467985566
Assam,South Salmara,25.9056914,89.9918057,28.34615262468981,54.91677862223431,0.22580725029319493
Assam,Tinsukia,27.4879722,95.3601855,123.83989570668686,47.08326577328347,0.5933911637434306
Assam,Udalguri,26.7047238,92.0421507,94.86958825449332,37.47815820543097,0.5609542057631504
Assam,West Karbi,25.8529142,92.5875681,461.5472485500528,28.174603174603174,0.7195791937289527
Bihar,Araria,26.1346459,87.4654062,52.30831142371994,22.70678388719359,0.4821935440388882
Bihar,Arwal,25.1812832,84.6596648,77.96185558055885,2.730106888361053,0.49803818517459447
Bihar,Aurangabad,24.8033201,84.4110198,105.59575506262236,11.42647735111496,0.46615527664505035
Bihar,Banka,24.8328273,86.8161114,135.57955802367806,78.57038507197623,0.45212273285157806
Bihar,Begusarai,25.5125411,86.0883392,43.975319235726374,24.729790810855967,0.4895020993154114
Bihar,Bhagalpur,25.2861354,87.1304229,32.79620663885592,39.83040072345884,0.25012481893239635
Bihar,Bhojpur,25.4501182,84.5635193,65.7483061232226,7.070738183749348,0.46411598653864683
Bihar,Buxar,25.5044834,84.1097525,70.15637241954023,11.146137671535973,0.47013638134456043
Bihar,Darbhanga,26.0829899,86.0324951,50.541669857728394,9.064881037952562,0.5022148394026763
Bihar,Gaya,24.7964355,85.0079563,115.55426480657091,11.899425708699807,0.42057406659955776
Bihar,Gopalganj,26.4211166,84.3739133,69.27568758105171,8.063688551223592,0.44769593029874477
Bihar,Jamui,24.7562514,86.3011128,128.0752433953044,10.717325153374025,0.45228656641948356
Bihar,Jehanabad,25.1529579,85.0065043,70.81615124622591,5.64283857551342,0.49412667746650524
Bihar,Kaimur (Bhabua),25.0402736,83.6076361,84.11118672602947,14.16826759122402,0.4804625262494181
Bihar,Katihar,25.5586421,87.6457196,31.56967103366743,19.399772723734575,0.5654403763204257
Bihar,Khagaria,25.4930513,86.6982264,36.997950432633,38.185964616248,0.46845037707658504
Bihar,Kishanganj,26.2984144,87.9466715,60.21311823418828,16.924899813827178,0.5014368434333227
Bihar,Lakhisarai,25.1543938,86.1744959,54.915699771951026,14.776012301383673,0.489582070260415
Bihar,Madhepura,25.7806118,86.9364753,44.776535782539234,5.195804813425306,0.5711026026732177
Bihar,Madhubani,26.3503076,86.2296424,59.86624396423813,19.124268967159757,0.4986342043016667
Bihar,Munger,25.2202864,86.5161484,184.54520578213024,45.116173120728575,0.6294518501668069
Bihar,Muzaffarpur,26.1482548,85.3316097,57.195640158615554,32.923674985769,0.47583372586813394
Bihar,Nalanda,25.1364914,85.4436546,60.48987424280612,28.314906809098638,0.4852848023312985
Bihar,Nawada,24.8173249,85.5179085,100.5166478959878,4.405736284889187,0.48927332796019574
Bihar,Pashchim,27.0,84.5,80.923656426708,14.761574233156576,0.4784978991524651
Bihar,Patna,25.6093239,85.1235252,54.222841806174024,41.792049439988496,0.28294667235827325
Bihar,Purbi Champaran,26.6465969,84.9091552,69.60825293596106,28.635268707144192,0.45856570865807855
Bihar,Purnia,25.7758723,87.4087667,39.81686575463413,19.33247656486196,0.5378035954560667
Bihar,Rohtas,24.9394143,84.0197031,122.26520253518855,21.488416848220623,0.43822568400865014
Bihar,Saharsa,25.8330757,86.6143751,43.792760642823644,11.590879350955102,0.5163320087394633
Bihar,Samastipur,25.7747885,85.8672314,47.38731205817397,11.16776142806652,0.499577758699471
Bihar,Saran,25.9214451,84.7759731,57.19190794562362,10.543058703722286,0.4906921655569351
Bihar,Sheikhpura,25.1250741,85.8160771,52.98659089113436,36.23478260869661,0.45863645870011405
Bihar,Sheohar,26.4934234,85.2717561,66.3856401222888,16.028408436094402,0.5276604188531459
Bihar,Sitamarhi,26.5942841,85.500428,67.83817411356362,16.735102784282944,0.47560857569270837
Bihar,Siwan,26.131008,84.3910745,63.97928425517592,13.853042607630897,0.4637863246473259
Bihar,Supaul,26.2768089,86.7959614,62.570780982349575,10.368809544245128,0.5675395769585978
Bihar,Vaishali,25.7491703,85.3972164,51.37705100291231,28.141350175250132,0.461006911692878
Chhattisgarh,Balod,20.7277192,81.1446948,341.3772248995209,82.32451300580215,0.3857091241275578
Chhattisgarh,Balodabazar-,21.6564735,82.1605962,251.75657584597258,41.61291495032697,0.4194301351164039
Chhattisgarh,Balrampur-,23.6282576,83.4810916,607.6256281271237,16.11979166666666,0.5565258435902133
Chhattisgarh,Bastar,19.1191283,81.8291865,589.5420702838812,74.08990835554691,0.43791017984120306
Chhattisgarh,Bemetara,21.6783867,81.4412578,275.99095513501015,35.159469879517715,0.47883566078400736
Chhattisgarh,Bijapur,18.7935679,80.815939,337.2875483131849,44.58707263248789,0.5592776871182499
Chhattisgarh,Bilaspur,22.1638486,82.1365923,281.16134513933116,31.403064968702658,0.45570661025030795
Chhattisgarh,Dhamtari,20.5326259,81.7155987,403.7682253811975,67.22458607899563,0.4741841385512918
Chhattisgarh,Durg,21.1982964,81.4007922,305.82702533990533,79.51473907081238,0.326138531941262
Chhattisgarh,Gariyaband,20.5267561,82.1917217,381.64071093291074,24.205096935584624,0.5792693852145638
Chhattisgarh,Gaurela-Pendra-,22.8313186,81.958966,581.3112794796638,41.23651968707583,0.4434664224282081
Chhattisgarh,Janjgir-Champa,21.986403,82.5536606,261.9710523701303,41.8274025307799,0.43403802723682355
Chhattisgarh,Jashpur,22.770251,83.9708013,503.30318724647856,33.036564911103675,0.4571555746684715
Chhattisgarh,"Khairagarh-
Chhuikhadan-",21.528849,80.9484326,374.5186189256287,75.59807636086286,0.46742233219355167
Chhattisgarh,Kondagaon,19.5885769,81.6628742,593.7555166191933,54.08206165407745,0.4834995187988031
Chhattisgarh,Korba,22.5198217,82.6350029,332.5058033207139,50.17385101354835,0.46547813946793914
Chhattisgarh,Korea,23.2382999,82.3906588,631.6009734035146,69.93671272034331,0.5105065585926201
Chhattisgarh,Mahasamund,21.1922846,82.4890263,303.8731254578346,46.870799068308486,0.4827609882215825
Chhattisgarh,"Mohla-Manpur-
Ambagarh",20.4957731,80.800025,371.5701235409755,63.83761136687306,0.4844227914558187
Chhattisgarh,Mungeli,22.0661098,81.6874282,286.2396128142568,32.357176146829474,0.4716413416685575
Chhattisgarh,Narayanpur,19.5842032,81.1136986,702.1285035129184,35.63053097345132,0.6033094466060449
Chhattisgarh,Raigarh,22.2361795,83.3529534,305.2357004653437,49.95737621235302,0.44887720786087937
Chhattisgarh,Raipur,21.2380912,81.6336993,290.04113711194714,55.22864673810233,0.3185165659855277
Chhattisgarh,Rajnandgaon,21.0684425,80.7970779,341.26140110734747,50.27056086377089,0.4654674136967413
Chhattisgarh,Sakti,21.9243353,82.9650923,231.876249142197,31.08925824485044,0.4839413738465175
Chhattisgarh,Sarangarh-,21.5856358,83.0782699,237.04253597126424,53.9100225121982,0.42285213329566823
Chhattisgarh,Sukma,18.2665423,81.2925234,361.68549276073054,18.868575146389073,0.6542632428896011
Chhattisgarh,Surajpur,23.3577769,82.9761277,541.6688670564038,46.769959217529504,0.40800517149147675
Chhattisgarh,Surguja,22.9470108,83.1656868,627.0739316661488,67.11751768782288,0.4910285658240945
Chhattisgarh,Uttar Bastar,20.4907518,81.3682704,364.7531718685005,37.72545655679314,0.4520417137329675
Goa,North Goa,15.6038925,73.9967006,49.148161731523395,18.654121863799297,0.589328757479347
Goa,South Goa,15.3376121,73.9937035,43.794301023166206,66.61017564284613,0.5197189409045017
Gujarat,Ahmedabad,23.0215374,72.5800568,50.0812960360632,59.308666772030236,0.21821297214239702
Gujarat,Amreli,21.4176122,71.249609,116.39054851026543,4.456808199121521,0.38440842777812456
Gujarat,Anand,22.4739858,72.7361779,24.422077042013978,32.9300004377707,0.49530300072395395
Gujarat,Banas Kantha,24.2693869,72.5367513,243.6054807001711,33.75342941482888,0.471106555141408
Gujarat,Bharuch,21.7080427,72.9956936,14.249700165569793,77.98408336802383,0.3707161553571045
Gujarat,Bhavnagar,21.7718836,72.1416449,16.949639715956753,49.668715102986624,0.2124518070667245
Gujarat,Botad,22.0467097,71.6689617,69.40071443836915,12.772204031515232,0.41764796595947157
Gujarat,Dahod,22.9194099,74.1342725,322.5313123502474,42.92367098883245,0.40475520441648677
Gujarat,Dangs,20.75,73.75,485.5758809981892,62.411719906917696,0.45524589089489953
Gujarat,Devbhumi,22.1369851,69.4296989,37.74216246090629,18.16312918959163,0.3790111532559854
Gujarat,Gandhinagar,23.2232877,72.6492267,75.40176840184627,18.308369614371625,0.3861216748712644
Gujarat,Gir Somnath,20.9298181,70.7627578,78.4373015383223,29.166769845231986,0.4820002885440616
Gujarat,Jamnagar,22.4732415,70.0552102,16.502584074519305,76.05701415605742,0.290684574015623
Gujarat,Junagadh,21.5220416,70.4582458,128.33516230637022,56.80599939048289,0.4376776334032622
Gujarat,Kachchh,23.583333,70.0,2.4603107993212987,40.86166921892111,0.06034091405586348
Gujarat,Kheda,22.8532503,72.9953586,51.80065504473354,19.157943925233653,0.5033464786085408
Gujarat,Mahesana,23.6015557,72.3867981,87.64289424194568,22.334679862653992,0.36699569312685437
Gujarat,Mahisagar,23.1912194,73.6644398,105.87278856545659,57.0111240092284,0.4886369858404458
Gujarat,Morbi,22.8003959,70.886232,62.434320133544894,62.606584329007404,0.2618340668792363
Gujarat,Narmada,21.7392624,73.6262458,326.7496249987621,2.558139534883721,0.4922066713696907
Gujarat,Navsari,20.952407,72.9323831,11.170675153318722,46.40652963797902,0.43176530168726296
Gujarat,Panch Mahals,23.0,74.0,268.7992412484357,49.93800388126966,0.432426552896094
Gujarat,Patan,23.773753,71.6798581,28.154451350243974,14.966136885352592,0.33446192657498464
Gujarat,Porbandar,21.6505229,69.6565371,8.508752555024484,47.03402696371035,0.33492749692695645
Gujarat,Rajkot,22.3053263,70.8028377,132.16274105039435,66.83109004592076,0.25687331307793815
Gujarat,Sabar Kantha,23.5,73.25,149.1405185349308,33.13929131149411,0.4690473930729312
Gujarat,Surat,21.2094892,72.8317058,12.516220407056057,55.306201636060536,0.2066381660920767
Gujarat,Surendranagar,22.8251395,71.6209736,70.13988382983017,35.03816455548543,0.40437578750394493
Gujarat,Tapi,21.1916567,73.5560631,107.44793784178114,20.868957019641833,0.42114082623026305
Gujarat,Vadodara,22.2973142,73.1942567,35.6604097368007,63.1265341587922,0.2824601552523344
Gujarat,Valsad,20.4321957,73.1409893,73.05598059933779,49.72737722312042,0.4904990127994069
Haryana,Ambala,30.3843674,76.770421,272.35439768188814,36.372508249333194,0.42682590236108153
Haryana,Bhiwani,28.7931703,76.1391283,216.95561911974218,24.133387760580792,0.363835071640753
Haryana,Charkhi Dadri,28.6000997,76.1123707,233.1345719695483,11.31781030222395,0.44243414061625264
Haryana,Faridabad,28.4031478,77.3105561,207.9742650558935,12.20920250665285,0.3107117625521131
Haryana,Fatehabad,29.5359209,75.5752901,215.92515570270606,10.861702127659589,0.49086905771608363
Haryana,Gurugram,28.4646148,77.0299194,225.15236785034426,11.362874416048419,0.29549899197116253
Haryana,Hisar,29.2396596,75.8174505,215.17576162051654,13.155330882352951,0.4401179675302711
Haryana,Jhajjar,28.5964461,76.6505366,215.5435573527841,22.096314325451875,0.41976762108199217
Haryana,Jind,29.3152073,76.314082,226.0307556215456,22.459053103006898,0.42742214187773897
Haryana,Kaithal,29.7996588,76.3989903,236.58809294189615,31.77175266601743,0.4304330434053294
Haryana,Karnal,29.7255766,76.9106924,250.21703664394306,15.386073223259203,0.5106048888995188
Haryana,Kurukshetra,29.9693747,76.8482787,255.40412772664652,70.47584511370619,0.43710908674202265
Haryana,Mahendragarh,28.1326971,76.1697448,290.96563370460683,12.505432215399159,0.45786316413707734
Haryana,Nuh,27.9935177,77.0419634,190.26292864578213,4.566772373126504,0.42023204857725843
Haryana,Palwal,28.0599426,77.3223422,192.99000940120095,20.102803738317746,0.4840603850559466
Haryana,Panchkula,30.6975401,76.8551066,347.4509620529412,19.026878959082364,0.4501474376613173
Haryana,Panipat,29.3912753,76.9771675,234.68709889400742,32.96695685087052,0.3280988512592477
Haryana,Rewari,28.1956468,76.6165179,245.3482711273095,26.917208026562747,0.39913125697653423
Haryana,Rohtak,28.9010899,76.5801935,221.72902902776406,38.22843654540377,0.37088660840501236
Haryana,Sirsa,29.6063041,74.9036568,200.27784197382516,11.7036036036036,0.4694114588513612
Haryana,Sonipat,28.9953758,77.0233627,221.07641951773118,22.238180051813504,0.3847861333300653
Haryana,Yamunanagar,30.1231349,77.286329,276.1755978420135,60.005002610520876,0.401608488844807
Himachal Pradesh,Bilaspur,31.3380959,76.7611631,739.6811859926995,65.79199677053376,0.5632179366534514
Himachal Pradesh,Chamba,32.6923316,76.1631552,2148.3015283695436,8.061538461538461,0.6335754327769885
Himachal Pradesh,Hamirpur,31.6539866,76.5403633,778.6445023726349,3.3260869565217392,0.6411891252978925
Himachal Pradesh,Kangra,32.0768665,76.2985872,725.4253162401683,18.138816738816768,0.6268427581206067
Himachal Pradesh,Kinnaur,31.593013,78.3281417,3054.978919033503,70.51827731882543,0.4041754600029871
Himachal Pradesh,Kullu,31.9578974,77.1089232,1779.4988871313926,70.78816927953393,0.6167243688561731
Himachal Pradesh,Lahaul And Spiti,32.5015861,77.5789891,4582.010298798372,90.78885725036558,0.05120330537362486
Himachal Pradesh,Mandi,31.6516617,77.0092542,1326.8954801452387,44.116730971588815,0.6894095092683221
Himachal Pradesh,Shimla,31.1040393,77.1707923,1864.1177791392915,,0.5778499408739576
Himachal Pradesh,Sirmaur,30.6991321,77.4465304,1423.7608645858475,14.248413417951065,0.5706429928278378
Himachal Pradesh,Solan,30.9077569,77.1023645,1549.571732099614,,0.6163785505837508
Himachal Pradesh,Una,31.5834642,76.2351452,471.39060576081704,14.776162790697676,0.6035081378377943
Jharkhand,Bokaro,23.6991279,85.9910689,278.430920122605,28.608841902931342,0.5267078984605932
Jharkhand,Chatra,24.1062316,84.8623379,470.289229693393,29.28625235404899,0.5319985478102689
Jharkhand,Deoghar,24.4898318,86.6990182,252.0913248331991,38.8140590850853,0.46948663131240326
Jharkhand,Dhanbad,23.7952809,86.4309638,229.74948800608368,32.81782786885225,0.4283273913954625
Jharkhand,Dumka,24.2677937,87.2485495,144.93762013634378,32.95887447252689,0.4886602385693096
Jharkhand,Garhwa,24.053577,83.6526818,348.44175556221006,13.476994282602817,0.5541903961303708
Jharkhand,Giridih,24.3314546,86.1548117,357.37979156446556,38.04100013442652,0.4162421389286988
Jharkhand,Godda,24.8645886,87.2984838,101.02705195485409,26.48176644182124,0.4662674334885879
Jharkhand,Gumla,23.1603759,84.4599565,725.6631321666379,59.09778842919606,0.5229363618376414
Jharkhand,Hazaribagh,24.0866962,85.4912231,573.0818116021591,40.6285283427422,0.48871967199645516
Jharkhand,Jamtara,23.9801639,86.9243637,171.55928629255004,25.436840717299628,0.4869361346972791
Jharkhand,Khunti,22.9281801,85.2814475,583.3853448826038,39.58425720620843,0.5569559089194231
Jharkhand,Koderma,24.4931239,85.5560811,357.96453596052595,28.077382136463132,0.6017407529235347
Jharkhand,Latehar,23.6880057,84.4969551,416.2558712776911,40.8323907956317,0.5028316871519233
Jharkhand,Lohardaga,23.4770044,84.6986684,655.9564848443225,34.896974304393936,0.43640781949326585
Jharkhand,Pakur,24.5325908,87.593232,89.4683971201447,16.26123500305012,0.5091894435629115
Jharkhand,Palamu,24.2212983,84.1725565,296.83792629272847,16.285881663737598,0.5266351329902356
Jharkhand,Ramgarh,23.693479,85.5215989,380.4875312925376,29.967210285615646,0.4420269053256735
Jharkhand,Ranchi,23.3700501,85.3250387,644.593274135517,71.93523543237508,0.37988521352868304
Jharkhand,Sahebganj,25.0320437,87.691764,131.65538768757168,29.130960608154822,0.5994801804412945
Jharkhand,Saraikela,22.7464225,85.9168929,175.85385265358818,43.45327748447418,0.4676859594298597
Jharkhand,Simdega,22.5904573,84.5464805,432.5202217848036,82.83987123721298,0.4478173154645543
Jharkhand,West Singhbhum,22.4282857,85.5317483,387.4899792548404,25.806451612903224,0.6209284241331138
Karnataka,A.M.U.,14.4594318,75.9115735,587.8635223841306,66.99490314241389,0.4059217360177871
Karnataka,Bagalkote,16.2903648,75.5915819,571.1231665969588,30.136422321044332,0.49686727602391983
Karnataka,Ballari,15.3483166,76.8054883,443.7736249831571,14.622448979591837,0.41755117252568313
Karnataka,BBMP#,12.9001025,77.5622064,894.2303639987827,39.0102833035477,0.32858057921057415
Karnataka,Belagavi,16.1587846,74.888862,557.2850139789249,42.792293233082624,0.5221384672818823
Karnataka,Bengaluru Rural,13.1826245,77.3395681,890.3430159314788,21.242723383557323,0.4764563501257362
Karnataka,Bengaluru Urban,12.9461554,77.5503844,878.5941734897353,58.64168441299714,0.2972654396410385
Karnataka,Bidar,18.0207297,77.2487204,592.9356481055744,14.86206896551724,0.4419599479612986
Karnataka,Chamarajanagar,11.9544201,77.1069086,856.5448475503523,39.84272776337073,0.5955877003588343
Karnataka,Chikkaballapura,13.5897941,77.778793,868.0363198378382,41.32771138000133,0.42527038952718965
Karnataka,Chikkamagaluru,13.4058699,75.638758,1087.0392232547542,11.597510373443985,0.6677547996041207
Karnataka,Chitradurga,14.3049174,76.5296667,653.2306504153017,13.012905911740232,0.3593328507225136
Karnataka,Dakshina,12.8226434,75.2265036,73.65968709750425,38.982153621193326,0.6540217169854583
Karnataka,Davanagere,14.2558835,75.8303421,588.1447256068202,41.120430107526886,0.5411339835255305
Karnataka,Dharwad,15.3707296,75.1332867,641.4898984418323,79.62150433255799,0.3640685551186837
Karnataka,Gadag,15.416692,75.6815801,664.5955969078836,31.454606590450567,0.3358763961750417
Karnataka,Hassan,13.0301852,76.1744968,969.6591971469619,28.880358783061908,0.46616360565936504
Karnataka,Haveri,14.7180268,75.3656423,585.9772832571791,41.63512659303323,0.4339390462449815
Karnataka,Kalaburagi,17.2408957,76.7697439,432.36783276981924,29.435285864608947,0.4222207225846887
Karnataka,Kodagu,12.3827332,75.6640715,964.8469133431946,8.25,0.6761644033453619
Karnataka,Kolar,13.1805066,78.2669329,809.4487816585967,34.68095522577431,0.4968906614701995
Karnataka,Koppal,15.5748238,76.3118494,563.4688666355055,41.342002107481434,0.40190961739340747
Karnataka,Mandya,12.6368939,76.7275477,804.8012799499247,46.863884470585624,0.4886870695047284
Karnataka,Mysuru,12.3041464,76.6529521,762.4484354292863,56.04887247583887,0.42559085533586055
Karnataka,Raichur,16.0547194,76.9003647,410.3648383120638,19.86706689536879,0.4573292735732084
Karnataka,Ramanagara,12.720006,77.3184199,727.0090464165188,47.15751624112385,0.5156354567792655
Karnataka,Shivamogga,13.9326093,75.574978,588.0065236090369,46.70047870084223,0.44067981754726143
Karnataka,Tumakuru,13.4192512,76.8810004,825.5466755084519,46.4606130325869,0.536507984240343
Karnataka,Udupi,13.5269784,74.8731879,43.92571326083751,25.17754418389742,0.6319803496322186
Karnataka,Uttara Kannada,14.7253795,74.6403389,471.21740594443304,,0.6567693909894493
Karnataka,Vijayanagara,14.9428567,76.0448007,609.3390418025267,9.487104976389404,0.36992901461208594
Karnataka,Vijayapura,16.814415,75.8933856,567.9356378840374,52.54948923931351,0.35350656300377087
Karnataka,Yadgir,16.5744123,76.9254434,373.18942194932293,31.754602753358423,0.44841819475967215
Kerala,Alappuzha,9.5003416,76.4123364,1.3372091701337623,48.739766647365954,0.46804854692767683
Kerala,Ernakulam,9.9837257,76.2740001,5.347101200937555,93.99096572777236,0.33548627327920133
Kerala,Idukki,9.8154785,76.9991599,852.1846970311192,93.0700465274566,0.6242920107009244
Kerala,Kannur,11.8763836,75.3737973,14.285042075590585,97.96520142838368,0.5352661016083037
Kerala,Kasaragod,12.4221964,75.1904446,141.52755534777359,7.7138009049773775,0.6870435569926225
Kerala,Kollam,8.8870533,76.5906696,10.043551354335198,97.57407946511286,0.4933919257058269
Kerala,Kottayam,9.6287383,76.6455326,66.05098901557135,10.090909090909092,0.7248183307728852
Kerala,Kozhikode,11.2450558,75.7754716,8.51724187965304,99.41178102175483,0.4827048012143002
Kerala,Malappuram,11.1065685,76.1101742,60.326056696246326,11.995416164053127,0.6414270180841403
Kerala,Palakkad,10.7873692,76.4742172,64.92517845815176,37.61121277359146,0.6223250413996313
Kerala,Pathanamthitta,9.2780841,76.9737443,348.741991228648,,0.7557530282703727
Kerala,Thrissur,10.5270099,76.214621,12.325399801242671,18.819733031718037,0.5313398965056724
Kerala,Wayanad,11.7151291,76.1271185,757.9173580739848,2.727272727272727,0.6667870679550019
Madhya Pradesh,Agar-Malwa,23.935092,76.1449595,411.91770726744073,27.090047393364934,0.44594838786793844
Madhya Pradesh,Alirajpur,22.2859525,74.3545628,306.75194164742834,40.29889504381707,0.44437238184378686
Madhya Pradesh,Anuppur,23.0346179,81.7510255,518.8084362949462,18.531014376193827,0.50852061015227
Madhya Pradesh,Ashoknagar,24.6186095,77.8786983,456.35494440284054,17.884827586206914,0.45699477806239885
Madhya Pradesh,Balaghat,21.8611589,80.3237105,499.177628016747,61.123072073137116,0.6223553133420542
Madhya Pradesh,Barwani,21.7514248,74.8915957,509.244599850253,14.780597014925378,0.3879523388871845
Madhya Pradesh,Betul,21.8797472,77.8753651,643.7476169993997,63.4866357352016,0.4818065671108433
Madhya Pradesh,Bhind,26.3518828,78.6863189,150.5927462277236,16.764850299401125,0.39004512500301347
Madhya Pradesh,Bhopal,23.2584857,77.401989,512.9480063729224,91.02582274257428,0.3221383993586443
Madhya Pradesh,Burhanpur,21.334867,76.3708803,277.1043112619107,21.249232687511867,0.4880600713191083
Madhya Pradesh,Chhatarpur,24.7606089,79.6781776,290.3263510966675,23.81841071608412,0.4967145381093234
Madhya Pradesh,Chhindwara,22.2071897,78.798833,750.710421693037,29.54695312752018,0.485850822014438
Madhya Pradesh,Damoh,23.7981005,79.5419356,360.7209375336062,48.65883460084766,0.4129199388950047
Madhya Pradesh,Datia,25.9182947,78.6644962,177.2108039297111,3.7578475336323063,0.46246888297853883
Madhya Pradesh,Dewas,22.8057498,76.2940408,518.8670691739886,8.713147410358564,0.4517393687135173
Madhya Pradesh,Dhar,22.5786572,75.2258637,551.7426159685143,36.88970665407211,0.4083129401499009
Madhya Pradesh,Dindori,22.9070871,80.8846924,723.8132992713305,50.9820671215196,0.4599622961285914
Madhya Pradesh,Guna,24.5001772,77.2600959,464.525890972729,65.69818816515182,0.45210426362561584
Madhya Pradesh,Gwalior,26.2037247,78.1573628,230.8270942074276,10.378468130690942,0.38132766765931875
Madhya Pradesh,Harda,22.2427973,77.1179173,304.3862406284644,33.15158204562179,0.5265455663873406
Madhya Pradesh,Indore,22.7203616,75.8681996,553.9252922420061,55.55340023295406,0.293392806551787
Madhya Pradesh,Jabalpur,23.1701522,79.9324505,405.11775988411904,34.624579124578965,0.38413473344676663
Madhya Pradesh,Jhabua,22.8869652,74.7243249,388.1232243699977,37.06375689624475,0.4089524583297355
Madhya Pradesh,Katni,23.7176393,80.2610181,412.5654600639234,28.61152141802028,0.48450865595465004
Madhya Pradesh,Khargone (West,21.825599,75.614182,254.44991705543913,32.7525737383944,0.4139820267763689
Madhya Pradesh,Mandla,22.6871074,80.5816341,549.5326023748141,57.913041269196,0.49699046710452305
Madhya Pradesh,Mandsaur,24.2628148,75.385692,399.4902934829551,49.88796192071116,0.26788499646025493
Madhya Pradesh,Mauganj,24.7144477,81.9393159,355.9054054800538,30.038584168938403,0.489262800633666
Madhya Pradesh,Morena,26.3849794,77.8612721,183.9728268655468,4.970653266331697,0.4560411842234592
Madhya Pradesh,Narmadapuram,22.6002833,77.9269848,348.6948829749203,21.471269321381246,0.5468440663257448
Madhya Pradesh,Narsimhapur,22.916667,79.166667,355.0804795234839,17.915159944367193,0.4828161609632805
Madhya Pradesh,Neemuch,24.6305517,75.1829,496.03136998432683,58.7664814632034,0.4281104391243508
Madhya Pradesh,Niwari,25.3123152,78.667564,236.78979122153868,44.735041901022576,0.4866321584091455
Madhya Pradesh,Panna,24.4498931,80.1462723,326.75148901188015,5.048570843850151,0.4424734388761725
Madhya Pradesh,Raisen,23.2675909,78.1727134,499.40668131993783,8.79047619047619,0.5162932828575284
Madhya Pradesh,Rajgarh,23.8716707,76.7744703,401.9262819580441,26.820582321850257,0.36533729649862934
Madhya Pradesh,Ratlam,23.50222,74.9551534,525.350147596148,30.28017969748171,0.4375306146257654
Madhya Pradesh,Rewa,24.7560846,81.3810574,301.3341156444624,23.483447353934956,0.4808342067909267
Madhya Pradesh,Sagar,23.8083076,78.758254,545.4434102576806,49.64035373292872,0.42950608225953485
Madhya Pradesh,Satna,24.6954445,80.7770348,326.5422065842296,7.416828376013598,0.4673106437060088
Madhya Pradesh,Sehore,23.1150041,77.0665356,526.6980789123274,51.43221842964684,0.42389809348453417
Madhya Pradesh,Seoni,22.2748109,79.7202522,508.2439046247499,30.750943396226422,0.49370329833264215
Madhya Pradesh,Shahdol,23.3002343,81.364771,464.80653931533675,20.50122722201541,0.47180361890098094
Madhya Pradesh,Shajapur,23.4171002,76.6074794,454.95783074807593,29.91740412979354,0.47739175324081873
Madhya Pradesh,Sheopur,25.7499267,76.9212945,345.0374808929754,33.34395501405811,0.44184025074079836
Madhya Pradesh,Shivpuri,25.3741215,77.8278866,410.2260805655031,44.69033878177734,0.4620677338077211
Madhya Pradesh,Sidhi,24.2112687,81.7000415,363.0531109059155,36.92725148223472,0.47905192964186966
Madhya Pradesh,Singrauli,24.2431343,82.3827672,369.77455563553553,19.468739644316642,0.503545861203654
Madhya Pradesh,Tikamgarh,24.8552105,79.0472546,292.17786126500226,35.7496436278685,0.500268645746542
Madhya Pradesh,Ujjain,23.1885131,75.7716562,488.1518648247973,33.122993326361424,0.39551266464391
Madhya Pradesh,Umaria,23.6431837,80.9419078,472.74955575097624,20.49065531109536,0.5611611080823294
Madhya Pradesh,Vidisha,23.8463004,77.8370209,410.63012427345006,65.38565182336878,0.45507534533209393
Maharashtra,Ahilyanagar,19.092952,74.7493451,658.3565826874571,28.50900870412722,0.40120629610571507
Maharashtra,Akola,20.7618122,77.1921157,286.01992813998504,10.276549865229104,0.442630081780443
Maharashtra,Amravati,21.1545412,77.6442962,348.5144823365675,6.131818181818179,0.46464021175428344
Maharashtra,Beed,18.9918442,75.909784,527.154054230681,51.882795241280014,0.4389125687474783
Maharashtra,Bhandara,21.1225869,79.794509,279.74248470352535,44.07016645175766,0.5369847861639714
Maharashtra,Buldhana,20.562845,76.4086986,447.04595770344247,71.40247373472418,0.4777184128056613
Maharashtra,Chandrapur,20.0967555,79.5045475,247.11833441914834,20.19872515935508,0.5678643541473715
Maharashtra,Chhatrapati,19.877263,75.3390241,584.867120506444,42.810195998781325,0.32763406947483664
Maharashtra,Dharashiv,18.169844,76.1179632,656.8249179767197,46.835293118818875,0.4078086064235027
Maharashtra,Dhule,21.1305215,74.4900614,331.0720411742225,11.454991816693965,0.345420553421655
Maharashtra,Gadchiroli,19.7590704,80.1622807,248.44652085270965,54.46271912998369,0.5346733863663774
Maharashtra,Gondia,21.455228,80.1962729,312.9875598567495,42.845233709667,0.44083935476889874
Maharashtra,Hingoli,19.5431163,77.1739432,505.8361074246963,60.406526166651936,0.45791837144444036
Maharashtra,Jalgaon,20.8428827,75.5261246,242.75707030192189,33.03321339217946,0.4493921309006877
Maharashtra,Jalna,19.918833,75.8708599,539.036455066763,64.92230772930698,0.4131019589742441
Maharashtra,Kolhapur,16.7028412,74.2405329,561.2950793550075,63.086421133726134,0.41319296511202164
Maharashtra,Latur,18.3553347,76.7548997,615.5789606026647,34.52400599380084,0.43007114129838603
Maharashtra,Mumbai##,19.054999,72.8692035,9.130047057745617,88.16483578809463,0.2909376384382274
Maharashtra,Nagpur,21.1498134,79.0820556,311.8346750903738,85.66099649424056,0.35468680045064926
Maharashtra,Nanded,19.0942729,77.4832628,373.241916616529,47.55085424452746,0.4928214000968447
Maharashtra,Nandurbar,21.5141622,74.5405513,164.24105176383495,8.000987166831214,0.45600887292644227
Maharashtra,Nashik,20.0112475,73.7902364,591.1342408824436,45.40885282630406,0.3730534456807462
Maharashtra,Palghar,19.757249,73.0931199,60.36599073098671,68.27584822030593,0.4645236531043509
Maharashtra,Parbhani,19.2901981,76.6026443,436.82712328086495,22.425224590452736,0.483029441896089
Maharashtra,Pune,18.5213738,73.8545071,575.6512679834233,51.78283594782343,0.3907901676609282
Maharashtra,Raigad,18.4928092,73.138071,93.07239590071325,37.827587501172836,0.4988050896952845
Maharashtra,Ratnagiri,17.2826079,73.4569787,140.06735651633235,36.21678645389197,0.5745422266910807
Maharashtra,Sangli,17.1726928,74.5867654,645.6416421894,27.69228032728568,0.432424120259253
Maharashtra,Satara,17.6361289,74.2982781,834.2035275652544,36.78970211087003,0.42254109352007635
Maharashtra,Sindhudurg,16.1357193,73.6522086,84.13459530691928,60.8825782291696,0.5706216406083023
Maharashtra,Solapur,17.8499067,75.2763203,492.2110388125196,8.317530319735402,0.49222432124795895
Maharashtra,Thane,19.3653598,73.3685437,71.23096272124555,64.93291928667138,0.47303851413335624
Maharashtra,Wardha,20.8256231,78.6131455,265.48345440654856,20.706274097441323,0.46989696846704365
Maharashtra,Washim,20.2874178,77.2369655,477.2567118437597,66.82787866174023,0.4376212842763752
Maharashtra,Yavatmal,20.0638677,78.3565663,286.722393929897,61.3492525664886,0.4564941499139026
Manipur,Bishnupur,24.6267287,93.7600454,899.0830613556565,44.794667543884984,0.554257818484543
Manipur,Chandel,24.3312009,94.0011081,1014.3450955280849,18.704225352112676,0.6692272355343012
Manipur,Churachandpur,24.3468839,93.6994143,910.6391077751903,22.66666666666667,0.5480788185056525
Manipur,Imphal East,24.8326698,94.0168859,823.7060939287721,26.42824757106849,0.477206439305524
Manipur,Imphal West,24.7590802,93.8617365,777.559429904257,19.909194267793378,0.4131045380661356
Manipur,Jiribam,24.8023996,93.1165145,42.15343708456801,25.767211703958388,0.6477097524856016
Manipur,Kakching,24.4974827,93.9835543,797.6599911504624,28.02849325408021,0.48419935457745816
Manipur,Kamjong,24.8559107,94.5119827,1157.6584716429309,2.0,0.7092677282744335
Manipur,Kangpokpi,25.1527725,93.9713691,1339.9563546391291,4.050847457627119,0.5980014336590234
Manipur,Noney,24.8591099,93.6325027,725.5718619844342,6.734070221066328,0.7362157966567394
Manipur,Pherzawl,24.2595653,93.1906004,667.4436876620213,1.0,0.7983513935625126
Manipur,Senapati,25.3933697,94.1501773,1293.1785838444437,5.3841059602649,0.6401207185344878
Manipur,Tamenglong,24.9858596,93.5039967,940.9001312887522,4.521367521367522,0.7499244505373833
Manipur,Tengnoupal,24.3626155,94.2594997,589.1428503159768,,0.7445197915467759
Manipur,Thoubal,24.6386954,93.996871,782.8555414829314,17.719758565863575,0.4515539354285486
Manipur,Ukhrul,25.0978641,94.3610713,1625.5464241587893,32.50589292848585,0.6226825323574757
Meghalaya,East Garo Hills,25.6184946,90.6342162,419.8688519492057,47.319117404906976,0.7371993466944852
Meghalaya,East Jaintia Hills,25.2515761,92.4840501,842.8341213335689,70.3165671641791,0.7090834705257907
Meghalaya,East Khasi Hills,25.4023736,91.8317178,1571.4012351521742,11.66984126984127,0.6101124670393255
Meghalaya,Eastern West,25.6520493,91.6232301,1421.1005903321413,14.288590604026844,0.628340642941955
Meghalaya,North Garo Hills,25.8619841,90.7017705,256.1147318243968,46.32188498402557,0.7333385264333796
Meghalaya,Ri Bhoi,25.8764026,91.8567574,582.6358832125139,5.828571428571429,0.7299802999215451
Meghalaya,South Garo Hills,25.347969,90.5657773,194.04953706551734,3.0,0.7337819012175307
Meghalaya,South West Garo,25.518425,90.1842421,230.54453335886666,18.16336633663366,0.6991033925755916
Meghalaya,South West Khasi,25.3307221,91.3217388,1022.013159179758,7.929599999999997,0.7039038327623598
Meghalaya,West Garo Hills,25.6065343,90.2038335,421.0801472085224,5.666666666666667,0.7294127695098241
Meghalaya,West Jaintia Hills,25.4425965,92.2988275,1321.5574189727556,18.618265086206932,0.553685310546395
Meghalaya,West Khasi Hills,25.5814429,91.0851094,982.4559172466043,20.106918238993707,0.7350888637248965
Mizoram,Aizawl,23.7277631,92.7179947,783.242688532038,,0.646145546958943
Mizoram,Champhai,23.6317319,93.3493185,1373.6864299224526,,0.7154503534184679
Mizoram,Kolasib,24.1905469,92.7136595,318.63086894740223,28.84090098431304,0.7874465057936892
Mizoram,Lawngtlai,22.3913377,92.7397189,475.24474962316884,,0.7506523394995879
Mizoram,Lunglei,22.9519972,92.6336207,262.56418722997444,27.33193277310925,0.7862247716711888
Mizoram,Mamit,23.7564387,92.4515374,348.0969958871644,6.497354497354496,0.7667160358369218
Mizoram,Serchhip,23.3052514,92.8455124,786.1113457050486,3.2424242424242427,0.7521301183270045
Mizoram,Siaha,22.4899565,92.9812107,786.1913131773242,50.61881750244254,0.7543114020808747
Nagaland,Mon,26.666667,95.0,672.938465153937,26.439860834990082,0.7633096081275521
Nagaland,Dimapur,25.9041378,93.7177609,160.83577081768885,46.20848529054212,0.5506212836123134
Nagaland,Kiphire,25.8117088,94.8474036,1086.7493122153573,35.25317050258339,0.6964443655496375
Nagaland,Kohima,25.6618755,94.1019156,1468.5697154811933,2.5737704918032787,0.5946799802078854
Nagaland,Longleng,26.5839315,94.8045481,748.5017433868048,36.43446754883431,0.7742659684181832
Nagaland,Mokokchung,26.4795861,94.5105275,551.5597377472919,,0.7794204433464804
Nagaland,Peren,25.4499691,93.6001738,1195.8049236076777,,0.7086771781590493
Nagaland,Phek,25.6700924,94.3843925,1736.7019538838647,1.0,0.6892435139020961
Nagaland,Tuensang,26.2342107,94.741553,1683.3924591463467,1.0,0.7181415381691599
Nagaland,Wokha,26.242251,94.1921153,429.1530130952894,,0.7601483215666228
Nagaland,Zunheboto,26.0123803,94.5123719,1392.8354494491932,,0.7401581435138594
Odisha,Anugul,20.8411255,85.0804007,129.92213357800543,38.695829445413395,0.49384838542155657
Odisha,Balangir,20.6095183,83.1673029,278.57517033698343,43.67141016631529,0.5798637175258701
Odisha,Baleshwar,21.5197916,86.8790638,18.204739055020926,36.196561264122316,0.5097575678181132
Odisha,Bargarh,21.2319922,83.5652737,181.4697470751654,32.67718410477719,0.519031152373728
Odisha,Bhadrak,20.9854052,86.5934226,7.681455964901896,3.5362121834791487,0.5055576104631562
Odisha,Boudh,20.6407463,83.9969704,241.12261896976247,28.39184887178572,0.6092557349037887
Odisha,Cuttack,20.4686,85.8792,24.92695076076438,65.6760186999562,0.29889964768835997
Odisha,Deogarh,21.5370786,84.7301184,327.15856697733847,40.94981984357147,0.5942386162737819
Odisha,Dhenkanal,20.8351494,85.6022305,84.87750068782738,48.068612866225656,0.5427457314118221
Odisha,Gajapati,19.1966026,84.1930634,819.3949030759883,50.5873340143003,0.6605223881875625
Odisha,Ganjam,19.6090068,84.7080633,43.947890074952056,25.354764358661956,0.5325502024068347
Odisha,Jagatsinghapur,20.1801473,86.3414874,6.055281448507396,3.25013129976246,0.47735742103595347
Odisha,Jajapur,20.8277892,86.3798353,12.226995279028475,32.93110477501744,0.48856063201897787
Odisha,Jharsuguda,21.8019368,83.9713964,206.02684417645509,57.522027488475054,0.4272310796306353
Odisha,Kalahandi,19.8265757,83.0408702,272.90044283007063,65.75026345040642,0.5582412233602224
Odisha,Kandhamal,20.1306939,84.0790476,691.723882790369,,0.6392136242243432
Odisha,Kendrapara,20.5475164,86.5296168,4.108779552208457,10.723168948854775,0.504693009242429
Odisha,Kendujhar,21.5892323,85.6687841,467.9665518285385,81.10145739854585,0.5084583438372814
Odisha,Khordha,20.0538149,85.5023308,32.40673171800962,23.599457462232632,0.5290932471706417
Odisha,Koraput,18.7232023,82.6100596,890.808851962351,86.68936378852095,0.4571642563001886
Odisha,Malkangiri,18.2744685,81.9520316,183.87970875157376,17.171015456207467,0.5161732872089855
Odisha,Mayurbhanj,21.9156338,86.3961824,790.3073564180826,16.094664371772804,0.6790898187353815
Odisha,Nabarangpur,19.228896,82.5665715,575.3696294314151,53.86198421361415,0.45867032738698155
Odisha,Nayagarh,20.2393682,85.050728,238.22998113357764,28.29644268774704,0.6970503852525283
Odisha,Nuapada,20.5412657,82.5292352,516.7208576018272,52.87796894913672,0.5661195871385534
Odisha,Puri,19.8076083,85.8252538,7.3911746188648095,96.62802603136767,0.45635469511254134
Odisha,Rayagada,19.4426698,83.5873053,555.9384901975237,21.32657200811359,0.6327272027632688
Odisha,Sambalpur,21.5570606,84.1528515,196.9636938174978,57.8599498454068,0.50479226050667
Odisha,Sonepur,20.8453864,83.909083,113.70613014350464,68.41558728875494,0.3796508912687224
Odisha,Sundargarh,22.0605153,83.9359154,238.8360656909809,36.47018331462746,0.4495974141598831
Punjab,Amritsar,31.6356659,74.8787496,229.93003837010372,45.408281011369446,0.33028706335752667
Punjab,Barnala,30.3716802,75.5039887,228.54417124837408,11.581755593803805,0.47982518183822365
Punjab,Bathinda,30.1794814,75.0471098,209.64044729999387,8.068361086766002,0.4842344707455113
Punjab,Faridkot,30.6014507,74.7950176,206.0093198030408,26.935101186322406,0.4787553995303947
Punjab,Fatehgarh Sahib,30.6634042,76.3803,269.0408073588248,11.157052474879084,0.5147594165414956
Punjab,Fazilka,30.3198406,74.1217943,184.12300248451552,22.84027076176991,0.47552884072047463
Punjab,Ferozepur,30.6839733,76.3594033,269.4073057745487,10.988794483438028,0.538113883413406
Punjab,Gurdaspur,31.9037264,75.2275587,251.09152121680805,17.09177242510566,0.5461598204123481
Punjab,Hoshiarpur,31.6092942,75.8459754,300.7235182132663,13.18987341772152,0.5488703102869329
Punjab,Jalandhar,31.2922312,75.5678878,235.26223819748108,27.647681118352704,0.3862645882253867
Punjab,Kapurthala,31.3856476,75.3053304,217.67879912964713,4.213799805636544,0.5114382441989279
Punjab,Ludhiana,30.9090157,75.851601,245.86885886804103,13.121293284867072,0.2499476418922419
Punjab,Malerkotla,30.533129,75.8807604,246.20580387084948,6.940532081377152,0.4676921601877216
Punjab,Mansa,29.8764133,75.4889564,219.48192554663436,12.426783114992745,0.482816579783335
Punjab,Moga,30.7877554,75.159359,221.50598123057284,7.250491159135563,0.46534448226459535
Punjab,Pathankot,32.3021899,75.6589406,354.4293636857499,12.965574070683063,0.5273745821156108
Punjab,Patiala,30.2092778,76.3397231,245.28584001611077,6.620474406991263,0.5295920121156573
Punjab,Rupnagar,31.0917102,76.5289701,292.03755039730066,75.87405969383175,0.5577806071125556
Punjab,S.A.S Nagar,30.676694,76.7084883,307.24237999104315,14.70399780941952,0.41269418164096744
Punjab,Sangrur,30.135717,75.8533326,233.61833881660297,4.725155279503111,0.5212833503794021
Punjab,Shahid Bhagat,30.9993627,74.5484257,195.51337748279434,40.87276300950097,0.48152073137065426
Punjab,Sri Muktsar Sahib,30.2867162,74.5262234,195.88242360114478,14.609820953731647,0.4993349764378523
Punjab,Tarn Taran,31.3212453,74.8416687,219.05717362353974,7.6846715328467186,0.519802329542338
Rajasthan,Ajmer,26.4691,74.639,518.7928673784533,57.889621784310144,0.372927840324556
Rajasthan,Alwar,27.4140049,76.6170387,262.4924635093517,3.068965517241379,0.4716265445692875
Rajasthan,Balotra,25.8300564,72.2470946,111.97058727060187,43.45741510711045,0.2722922320377715
Rajasthan,Banswara,23.4915047,74.3502172,203.1952040534289,59.12905007697245,0.4815019920828273
Rajasthan,Baran,24.9208165,76.6821985,275.28921064157123,39.94512162000672,0.4216252160500461
Rajasthan,Barmer,25.5814853,71.1924922,222.83635047497094,1.0,0.24165402246085715
Rajasthan,Beawar,26.1070559,74.3128424,451.23369094220334,20.947359402309665,0.36591655335684975
Rajasthan,Bharatpur,27.0246959,77.2920116,199.35269953620949,2.2480916030534357,0.4483288746445941
Rajasthan,Bhilwara,25.470994,74.6961316,431.019827425438,19.208432357903096,0.43262350169230657
Rajasthan,Bikaner,28.0159286,73.3171367,222.2795859389755,33.21972512749591,0.22159181508372372
Rajasthan,Bundi,25.4367659,75.7361471,240.33180086156045,24.20950323974086,0.4812996698437851
Rajasthan,Chittorgarh,24.7171578,74.4718129,429.41771621797034,18.027588424437205,0.4977064438061084
Rajasthan,Churu,28.2047781,74.6912996,301.263305580676,,0.3167786109200736
Rajasthan,Dausa,26.8048659,76.4437457,335.41886874270847,11.315676959619987,0.396814200001403
Rajasthan,Deeg,27.4773321,77.3257027,183.1386629730655,9.950104156333259,0.39476879326849074
Rajasthan,Dholpur,26.7010642,77.896749,172.55866399944856,77.23337887235525,0.3727030187452147
Rajasthan,Didwana,27.4061158,74.5577959,340.38137345500354,32.58079700425187,0.2682034972398311
Rajasthan,Dungarpur,23.8538893,73.7087177,297.9522534921319,54.644701761431484,0.4085821534681168
Rajasthan,Ganganagar,25.9061389,76.4815499,270.6518843073993,62.970274612062354,0.46432410157384885
Rajasthan,Hanumangarh,29.3659533,74.298429,182.68684968494412,11.995854854811125,0.40120384284741845
Rajasthan,Jaipur,26.9154576,75.8189817,457.32319315044987,44.48549607623295,0.3211877438045549
Rajasthan,Jaisalmer,27.0264162,70.777512,166.89278835042927,8.312665936723588,0.14470142276440537
Rajasthan,Jalore,25.2093482,72.3178889,117.41033152023559,14.95181818181819,0.3327499046979066
Rajasthan,Jhalawar,24.3132368,76.5221078,352.756234046666,54.77545741370907,0.4463640458465714
Rajasthan,Jhunjhunu,28.0798944,75.5424211,349.2582650448591,,0.42487077459918593
Rajasthan,Jodhpur,26.2967719,73.0351433,248.7998103074343,52.6043454226451,0.2960391801847122
Rajasthan,Karauli,26.5158329,77.0565965,282.66134961099146,49.57002046567998,0.4372181263686177
Rajasthan,Khairthal,27.7978292,76.6417499,312.14761689976433,0.375,0.41738198304806073
Rajasthan,Kota,25.1737019,75.8574194,264.22867854634734,65.0342339326785,0.3373786481574166
Rajasthan,Kotputli,27.707172,76.1996447,353.5967792111001,15.97540983606557,0.4282196510718127
Rajasthan,Nagaur,26.9873443,73.7389011,319.1550065213333,39.936042780748686,0.3129254718399613
Rajasthan,Pali,25.4552211,73.419389,277.01305534188316,17.33455353641007,0.35105052390241437
Rajasthan,Phalodi,27.0799335,72.5804849,272.97307334177367,9.5,0.28558507304493824
Rajasthan,Pratapgarh,24.0232221,74.6250275,431.6115307744347,29.602410477915544,0.4314233421402726
Rajasthan,Rajsamand,25.2892459,73.8241077,661.8031635526609,27.832227601458364,0.39090698159562187
Rajasthan,Salumber,24.1377008,74.0472386,270.1016274986892,25.921657074713522,0.4710169779712119
Rajasthan,Sawai Madhopur,26.2290186,76.3043561,244.0487775667859,22.451169749727562,0.3989284221424679
Rajasthan,Sikar,27.6624156,75.0279971,392.9215177161188,,0.3889284089275249
Rajasthan,Sirohi,24.8114047,72.8300257,380.0490441804751,25.282730357942988,0.4373146701762854
Rajasthan,Tonk,26.1223198,75.6632235,279.84970532713186,15.955568790946845,0.4048558067366017
Rajasthan,Udaipur,24.578721,73.6862571,597.9628613190939,75.7241851596474,0.3793864832924439
Sikkim,Gangtok,27.329046,88.6122673,1500.638994588192,3.1477272727272734,0.6641667346811485
Sikkim,Gyalshing,27.4185174,88.1808338,3030.0091032758114,7.340909090909091,0.49977306403136407
Sikkim,Mangan,27.7497442,88.5212055,3891.368262063703,80.99984434916729,0.3179670835170127
Sikkim,Namchi,27.3031019,88.3785961,1858.2027103779776,6.0,0.6309384729477135
Sikkim,Pakyong,27.228935,88.6471196,1246.245513003649,28.242095636268637,0.6887396451566228
Sikkim,Soreng,27.1901652,88.2006735,1744.8063780318923,,0.6382671487017983
Tamil Nadu,Ariyalur,11.1530559,79.2585797,76.72989572794775,45.1474667368261,0.5601978521742984
Tamil Nadu,Chengalpattu,12.6840886,79.9836371,49.24141964894706,66.34217781371694,0.5287056826780145
Tamil Nadu,Chennai,13.0836939,80.270186,7.486821358182721,97.48981723070145,0.2937294768217754
Tamil Nadu,Coimbatore,11.0018115,76.9628425,416.8792193746283,49.42197937311852,0.35528453915015623
Tamil Nadu,Cuddalore,11.5202071,79.3396356,47.91907547299189,17.09866487530367,0.5683190817104958
Tamil Nadu,Dharmapuri,12.1456131,78.1132217,458.98140345349617,11.537648612945814,0.48879523689147925
Tamil Nadu,Dindigul,10.4257161,77.8154728,322.7428229083159,8.992501912777406,0.5743672374490244
Tamil Nadu,Erode,11.4905282,77.3505274,231.0446433836448,20.639294271400615,0.5904965291518003
Tamil Nadu,Kallakurichi,11.7946847,79.0388211,119.56040839906511,20.867363636363418,0.5607012133615594
Tamil Nadu,Kancheepuram,12.8796052,79.7042762,84.79440066655002,26.111862795493835,0.5105289921952051
Tamil Nadu,Kanniyakumari,8.3279814,77.3541173,139.61832584156159,71.36787128618158,0.7271732421276491
Tamil Nadu,Karur,10.8217671,78.3828654,122.97801320151086,10.484438040345891,0.437345676572782
Tamil Nadu,Krishnagiri,12.5152075,78.0093769,717.5914040679261,8.310485239226352,0.5254347897968579
Tamil Nadu,Madurai,9.9261153,78.1140983,138.32533985227957,22.379380976996515,0.4060582546820981
Tamil Nadu,Mayiladuthurai,11.1018614,79.6503162,12.134845792141629,12.116906184401682,0.5845982061227138
Tamil Nadu,Nagapattinam,10.6026203,79.7619348,0.8700090241278439,31.930630568920325,0.48562180022509677
Tamil Nadu,Namakkal,11.3033889,78.118604,191.87396301134777,3.0701754385964914,0.4921865750373517
Tamil Nadu,Perambalur,11.2902641,78.9300404,116.50990951885302,7.367770055365662,0.49255631638842917
Tamil Nadu,Pudukkottai,10.2903072,78.8173617,87.89433934345033,29.485977205037948,0.4832385577803299
Tamil Nadu,Ranipet,12.9186243,79.4081921,149.56257479283784,24.59682572940445,0.5190578597871073
Tamil Nadu,Salem,11.6469616,78.2106958,406.372364158173,15.75835998836877,0.552638772443255
Tamil Nadu,Sivaganga,9.8486881,78.4870461,97.25757791117786,16.277536699067554,0.4611895996977557
Tamil Nadu,Tenkasi,9.0933908,77.4758373,160.12232320828426,16.61453315108969,0.45230097499397937
Tamil Nadu,Thanjavur,10.659037,79.2014278,43.251550221688376,18.487232251426377,0.5846874079038815
Tamil Nadu,The Nilgiris,11.4,76.7,2239.8992238275328,77.00198843507877,0.6444128448549522
Tamil Nadu,Theni,9.8692558,77.4222974,369.5826919128804,25.16633078059904,0.5263920822179582
Tamil Nadu,Thiruvallur,13.2537619,80.0562572,23.39567409333418,31.032694138749385,0.5349814220748842
Tamil Nadu,Thiruvarur,10.6878621,79.4979437,14.483132682005259,13.91455732447604,0.5433286951207705
Tamil Nadu,Thoothukkudi,8.7567452,78.0797527,9.67893237086074,34.97427978472773,0.4262721882570897
Tamil Nadu,Tiruchirappalli,10.8071144,78.6880939,77.1304441434416,37.07912519318809,0.44672886839345527
Tamil Nadu,Tirunelveli,8.5495014,77.5805178,124.68171426945601,36.68681513707842,0.4917814282359282
Tamil Nadu,Tirupathur,12.4529622,78.5531439,378.00079465721575,9.231135282121052,0.5166527185476859
Tamil Nadu,Tiruppur,10.7915267,77.5325466,252.41585505588387,14.915738881790961,0.45479614688487024
Tamil Nadu,Tiruvannamalai,12.4289282,78.99915,242.63453185715935,8.427117961115826,0.595549403976062
Tamil Nadu,Vellore,12.9021849,79.061104,233.21741997212348,22.960423566957513,0.56482231353135
Tamil Nadu,Viluppuram,12.1166967,79.5989236,46.399066320095415,27.52145897106202,0.5446561619846467
Tamil Nadu,Virudhunagar,9.4926289,77.8631831,90.23284438051873,18.22954880730355,0.46135361690375964
Telangana,Adilabad,19.6759452,78.5339895,253.87224283710742,47.08209066033114,0.4411292242179511
Telangana,Bhadradri,17.7166633,80.5712609,170.02122209535236,40.654213798356885,0.5533336923264482
Telangana,Hanumakonda,18.032699,79.4283969,306.61858861598864,60.325518105737096,0.48964644183103867
Telangana,Hyderabad,17.360589,78.4740613,514.226779774218,65.30486169511553,0.2564629174010047
Telangana,Jagitial,18.7908955,78.9118341,284.1693809856048,56.33355857960712,0.4773052305984742
Telangana,Jangoan,17.7557919,79.1323896,411.6432766897031,37.18858968467947,0.47656725464377514
Telangana,Jayashankar,18.5159872,79.9693966,171.13536061010586,61.413604593497276,0.5514317705930358
Telangana,Jogulamba,16.0999202,77.7341584,365.41534159725893,29.021481439867074,0.43234712287941013
Telangana,Kamareddy,18.316551,78.0539381,518.7301425679476,40.06864986982197,0.5153785593614664
Telangana,Karimnagar,18.4348122,79.1328042,271.5966180569598,85.22640241009711,0.3637163045936545
Telangana,Khammam,17.2465351,80.1500326,118.5368167719931,38.8284449602743,0.45059140997144015
Telangana,Kumuram Bheem,19.3338189,79.4219793,195.70050416635848,19.43192544789042,0.44164649375217796
Telangana,Mahabubabad,17.7138983,80.0413425,218.76162071870326,59.46158541805485,0.5306396552085763
Telangana,Mahabubnagar,16.6965686,77.9591146,470.490030092609,29.00789101608749,0.4474045738650341
Telangana,Mancherial,18.9812967,79.5198096,194.96551398889343,28.020680353663884,0.5069884855942132
Telangana,Medak,17.9375095,78.211745,502.51099501603164,29.082106114167086,0.4720747495898434
Telangana,Medchal,17.6339929,78.4843146,592.9414926151854,38.009661775314996,0.4316213607650764
Telangana,Mulugu,18.3145348,80.3458816,138.34598331625133,34.26028326689846,0.6136523551852061
Telangana,Nagarkurnool,16.4157626,78.6830433,447.9191416790114,37.72404662727248,0.41815002750870806
Telangana,Nalgonda,17.0504406,79.2669235,231.5136635281778,24.6312946041483,0.4486064784427008
Telangana,Narayanpet,16.7005518,77.6164845,474.5416309647142,19.181448480694055,0.43273592938419186
Telangana,Nirmal,19.091521,78.396609,338.91121473163594,45.67535617722806,0.4484406506807736
Telangana,Nizamabad,18.6731912,78.0978195,388.7838064960269,35.99267297887841,0.432509091502459
Telangana,Peddapalli,18.6206531,79.4950171,225.58172905421182,45.87418635970111,0.5002501230357551
Telangana,Rajanna Sircilla,18.452116,78.7645584,374.847541720136,14.37035416745872,0.45147832723285347
Telangana,Ranga Reddy,17.1333954,78.3970979,628.5493102260194,27.58406022451424,0.428515966593088
Telangana,Sangareddy,17.8684342,77.8227189,531.3963552888282,59.60267610790416,0.36064764727513404
Telangana,Siddipet,18.0055851,78.896113,494.2240652711623,15.932876148011495,0.4769582702152178
Telangana,Suryapet,17.0800139,79.792533,158.27057588203584,21.633044554455658,0.48644893131328326
Telangana,Vikarabad,17.2702855,77.745297,515.2468699881211,31.12376433372848,0.4891431101496033
Telangana,Wanaparthy,16.2852944,77.9864473,352.7724609484323,36.53814994573128,0.39548347279862517
Telangana,Warangal,17.9820644,79.5970954,270.69868263568156,53.08460817086962,0.43243868930620655
Telangana,Yadadri,17.5840567,78.9467282,419.52511641108384,28.22160816227348,0.4487011316227636
Tripura,Dhalai,23.8253158,91.9732227,163.0564810291824,14.028876333961078,0.7403747642443975
Tripura,Gomati,23.4987407,91.2999111,27.12151650382098,38.482196989670015,0.5858502945007563
Tripura,Khowai,23.9563913,91.642107,56.61709227829384,29.960543621218363,0.6534627076721826
Tripura,North Tripura,24.0921476,92.2451214,164.97305167772674,10.374549819927983,0.7495726848528879
Tripura,Sepahijala,23.6658005,91.3200275,31.535814018018602,35.58562354952973,0.6428032928346613
Tripura,South Tripura,23.1708278,91.638817,50.60313217030582,15.389210019267821,0.6870798930349152
Tripura,Unakoti,24.1909849,92.0460483,69.56498048180083,34.0688411152168,0.6470967799135291
Tripura,West Tripura,23.9153329,91.3879341,39.05202593103438,13.351960784313727,0.6783028406318203
Uttar Pradesh,Agra,27.1752554,78.0098161,168.6559482316456,36.365422878973156,0.32304835011838134
Uttar Pradesh,Aligarh,27.8761073,78.1358153,185.39435756978244,20.89068877551026,0.4290147692761777
Uttar Pradesh,Ambedkar Nagar,26.4045941,82.6065154,89.76646343401525,4.888866498740609,0.4970348310708917
Uttar Pradesh,Amethi,26.346274,81.6252039,109.51423287337889,18.15745600493983,0.506210442445899
Uttar Pradesh,Amroha,28.7952632,78.3436244,211.08486772135794,2.710526315789474,0.55158641442503
Uttar Pradesh,Auraiya,26.6558215,79.5160757,142.42584260968195,49.657416314851396,0.4408085356525735
Uttar Pradesh,Ayodhya,26.7990707,82.2052321,95.31892430579038,36.59513805321447,0.32940126736121195
Uttar Pradesh,Azamgarh,26.023639,83.0293105,81.72542149190103,17.620381586917066,0.4728555025219082
Uttar Pradesh,Baghpat,29.0374779,77.3062737,226.97935094349975,15.282246318174495,0.5212709883142387
Uttar Pradesh,Bahraich,27.7343823,81.47654,123.26665174876275,29.81502219531824,0.486303696189697
Uttar Pradesh,Ballia,25.8749595,84.1210329,63.829939597028954,35.964274829521806,0.46018456992332224
Uttar Pradesh,Balrampur,27.4476988,82.3956245,102.94855373151422,13.72622460806382,0.48571177398865195
Uttar Pradesh,Banda,25.4438537,80.5595237,124.98875464287939,17.1392834234398,0.4280089378820707
Uttar Pradesh,Bara Banki,26.9013312,81.2151601,120.46028432291139,12.00610583446406,0.4664873465796612
Uttar Pradesh,Bareilly,28.4582345,79.4047452,173.70558349651083,7.324646314221933,0.5064628240275533
Uttar Pradesh,Basti,26.8387083,82.5350919,92.13425592786278,11.105132037867483,0.5121033546018913
Uttar Pradesh,Bhadohi,25.424304,82.4883923,88.47787563976024,17.004021655065788,0.46899727505093186
Uttar Pradesh,Bijnor,29.4074203,78.4821406,240.9958382095568,4.257442052006028,0.5065051504695327
Uttar Pradesh,Budaun,28.0367001,79.1234,169.22429795699182,13.763060788502653,0.46358276036109763
Uttar Pradesh,Bulandshahr,28.3874073,77.9743805,202.30765647188022,4.63244047619048,0.5158834951450848
Uttar Pradesh,Chandauli,25.125695,83.2494601,81.85664829604421,16.801268730176094,0.5207089966663031
Uttar Pradesh,Chitrakoot,25.217139,81.1045927,131.37560975569733,51.4207905892033,0.4597540974458202
Uttar Pradesh,Deoria,26.4239911,83.7638578,76.89342947086523,19.617444269238906,0.48016893049213333
Uttar Pradesh,Etah,27.5550357,78.5992221,170.40718355929408,34.67980391393981,0.45907276051904156
Uttar Pradesh,Etawah,26.7155629,79.0917098,147.8046798342863,19.552932761087277,0.4957407582011958
Uttar Pradesh,Farrukhabad,27.4362003,79.4894778,150.3169380908341,11.75891891891892,0.4847702295859955
Uttar Pradesh,Fatehpur,25.8348023,80.9154547,114.0826342950916,1.9781678082191816,0.4842240425765288
Uttar Pradesh,Firozabad,27.1941954,78.4604956,164.8429120390053,8.004179728317665,0.44885206406762346
Uttar Pradesh,Gautam Buddha,28.368716,77.5970121,201.92381699345998,10.063278357455403,0.46424588573099873
Uttar Pradesh,Ghaziabad,28.7749966,77.4586967,215.97779146531502,13.55834495583449,0.4584538010558018
Uttar Pradesh,Ghazipur,25.6034863,83.5075888,72.40108244285867,20.652215969046676,0.4590196016797398
Uttar Pradesh,Gonda,27.1103723,81.9238906,105.40332324862254,18.47283908438678,0.47261354088382856
Uttar Pradesh,Gorakhpur,26.6677977,83.3642334,77.95352218181887,37.908790371261865,0.42535172988144093
Uttar Pradesh,Hamirpur,25.75,80.0,127.50635637731256,4.783535915072454,0.4308544738415438
Uttar Pradesh,Hapur,28.7166767,77.890433,213.0924808570286,6.684134441633582,0.5090938890680269
Uttar Pradesh,Hardoi,27.3369978,80.0998232,143.18696880906361,8.547155924718753,0.4884565801657097
Uttar Pradesh,Hathras,27.5724324,78.1116209,177.5619904046058,5.640176600441507,0.48967193320193964
Uttar Pradesh,Jalaun,26.1048633,79.3919136,142.6246387885815,22.00171895143941,0.4197705987763412
Uttar Pradesh,Jaunpur,25.7967065,82.4888992,85.40096002648883,35.97350832577216,0.4901638813398084
Uttar Pradesh,Jhansi,25.529855,78.6527802,207.60936532891535,48.937392885052034,0.4733030662779732
Uttar Pradesh,Kannauj,26.9986675,79.6927946,140.89841606179638,4.673600000000006,0.47595438148823577
Uttar Pradesh,Kanpur Dehat,26.4585639,79.8548052,133.145747767894,9.459645669291344,0.45850774806273614
Uttar Pradesh,Kanpur Nagar,26.4410107,80.2652803,127.95742755706341,35.50650346647019,0.3576823632200495
Uttar Pradesh,Kasganj,27.7888527,78.8229701,170.46997693057708,3.511530398322858,0.5033630262151689
Uttar Pradesh,Kaushambi,25.5342456,81.4493567,103.93416796751117,17.02581714827101,0.45893432771223686
Uttar Pradesh,Kheri,28.116667,80.716667,143.85661580959334,1.9064039408867015,0.5372246130415804
Uttar Pradesh,Kushinagar,26.7438272,83.9162322,80.13360291105043,17.48818255908725,0.48241163406965504
Uttar Pradesh,Lalitpur,24.6999688,78.51862,356.6468009721785,47.09293873312561,0.49683419878753354
Uttar Pradesh,Lucknow,26.8381,80.9346001,122.002723660207,48.7999080287295,0.36681542647587684
Uttar Pradesh,Mahoba,25.3615938,79.706011,183.1116705501949,52.40513661251979,0.4187155082067269
Uttar Pradesh,Mahrajganj,27.1837263,83.4917301,93.92799371102454,22.095495938961406,0.5790128782800874
Uttar Pradesh,Mainpuri,27.2093072,79.0625369,157.2846423171025,14.868369987063414,0.45221034996887355
Uttar Pradesh,Mathura,27.4955539,77.6855554,174.5261630284792,42.85728804900268,0.3547340424066983
Uttar Pradesh,Mau,26.0390905,83.4985846,73.19210942928328,19.34166847590196,0.47623559193464055
Uttar Pradesh,Meerut,29.0018557,77.7679671,225.662806553704,12.35853658536585,0.46798399281143294
Uttar Pradesh,Mirzapur,24.9316896,82.6280163,230.7705412360081,16.092823712948565,0.42904092620674467
Uttar Pradesh,Moradabad,28.8796553,78.8095335,195.0792112775455,14.345638917200457,0.49893064602044224
Uttar Pradesh,Muzaffarnagar,29.4496979,77.7429333,246.24223251205063,19.653930786157275,0.445726078285752
Uttar Pradesh,Pilibhit,28.4947158,80.1076122,181.49306648622593,39.36213596289624,0.5332995181833907
Uttar Pradesh,Pratapgarh,25.75,81.75,101.59593507824921,4.1791620727673715,0.4712193789532222
Uttar Pradesh,Prayagraj,25.4381302,81.8338005,92.76502548499668,83.38309004629352,0.3353774996466348
Uttar Pradesh,Rae Bareli,26.25,81.25,114.36681409253266,16.626041666666527,0.45479782700459237
Uttar Pradesh,Rampur,28.7934728,79.1845806,186.79606953986485,15.538027979251117,0.4970281666297191
Uttar Pradesh,Saharanpur,29.9856799,77.5040646,278.8114235296955,12.813511538059894,0.46566418754401
Uttar Pradesh,Sambhal,28.4271928,78.5564546,192.71844137471766,10.998514115898967,0.47750105061527304
Uttar Pradesh,Sant Kabir Nagar,26.755082,83.0398545,82.79868319812324,18.734736316752546,0.46804675621532843
Uttar Pradesh,Shahjahanpur,27.9128583,79.7476254,154.22592710547977,4.880445795339414,0.5206248323857228
Uttar Pradesh,Shamli,29.4811508,77.2901344,244.35965369455948,16.211927981995533,0.5309074476780891
Uttar Pradesh,Siddharthnagar,27.2511724,82.8716528,88.97620154659415,13.004200751713313,0.48067205347756853
Uttar Pradesh,Sitapur,27.5026748,80.8335139,135.62775513417648,5.05469715698396,0.5353044050242499
Uttar Pradesh,Sonbhadra,24.4148159,83.0637517,246.99351927922908,40.4919908466818,0.41351803702760065
Uttar Pradesh,Sultanpur,26.2604732,82.2380532,95.76734923024404,11.61854022376134,0.5038860101142781
Uttar Pradesh,Unnao,26.5673264,80.6198193,125.67963191754302,13.457641744073765,0.4554583537513723
Uttar Pradesh,Varanasi,25.3356491,83.0076292,78.40238756161561,81.72145174675971,0.31663074039410466
Uttarakhand,Almora,29.702651,79.4326318,1261.1456788983767,6.700507614213196,0.5992112257376307
Uttarakhand,Bageshwar,30.0087902,79.9280183,1734.1141040131547,35.38863862866242,0.6361956165212924
Uttarakhand,Chamoli,30.4985956,79.6190537,2710.467683539342,40.38050415537896,0.5714974282647404
Uttarakhand,Champawat,29.235032,80.1023068,1099.3878607116228,28.31196881091612,0.6351924542231719
Uttarakhand,Dehradun,30.3255646,78.0436813,675.7918482691445,2.0,0.4198232477418957
Uttarakhand,Haridwar,29.9384473,78.1452985,328.26040496181156,64.4693854758113,0.48225649052361114
Uttarakhand,Nainital,29.294995,79.4162511,675.2255543625834,29.469387755102037,0.6880405964014962
Uttarakhand,Pauri Garhwal,29.8473168,78.7070479,1250.1391684767373,0.0,0.6401547370223187
Uttarakhand,Pithoragarh,29.585871,80.215167,1632.559991480648,10.918918918918918,0.5743657522702571
Uttarakhand,Tehri Garhwal,30.4658181,78.4837349,1555.0515196414008,60.296086558287065,0.6189610108282207
West Bengal,Alipurduar,26.4851573,89.5246926,48.43974164327886,44.9781543768627,0.55422110926401
West Bengal,Bankura,23.132377,87.2081925,74.27745311516841,34.48768945553867,0.49235783399188915
West Bengal,Birbhum,24.0621532,87.6982823,47.75187100686351,27.005200155329085,0.5069687718511064
West Bengal,Cooch Behar,26.2559197,89.4201143,42.58186284029995,44.53559956304968,0.5673551274332097
West Bengal,Dakshin Dinajpur,25.385807,88.5063362,28.860807108327048,34.9602175626241,0.5397770869671679
West Bengal,Darjeeling,27.0377554,88.263176,1671.9579539557292,,0.6391844192422552
West Bengal,Hooghly,22.9099402,88.0120825,15.658090567823974,30.146066994729335,0.5682495520785362
West Bengal,Howrah,22.5736296,88.3251045,8.381901617026875,93.7746960179728,0.2958845005749706
West Bengal,Jalpaiguri,26.6262805,88.7334485,90.25092816517937,26.355274290216425,0.40486401790472937
West Bengal,Jhargram,22.4538505,86.9949477,81.22300792272448,26.45458316051417,0.5723353428314369
West Bengal,Kalimpong,27.0702869,88.4723676,836.371419561429,77.6874496788135,0.6753327164811777
West Bengal,Kolkata,22.5726459,88.3638953,8.338209565805903,94.78319322225683,0.2796539498828969
West Bengal,Malda,25.0057449,88.1398483,27.792185595650434,37.65373062871895,0.5006147669802429
West Bengal,Murshidabad,24.1745993,88.2721335,20.9232213182437,72.02766349678758,0.5481281513414229
West Bengal,Nadia,23.4847374,88.5567067,13.668782770431891,30.025559743625088,0.5709809169304048
West Bengal,North 24,22.596323,88.4082206,6.315470369342813,75.67766422830982,0.31516731260658337
West Bengal,Paschim,22.3600119,87.4111505,26.333626508606844,31.399556563887483,0.532540917341495
West Bengal,Purba,22.0648451,87.8377586,5.169370108957928,5.664586647649108,0.5671155340878508
West Bengal,Purba Medinipur,22.0648451,87.8377586,5.169370108957928,5.664586647649108,0.5671155340878508
West Bengal,Purulia,23.2020967,86.3228988,259.56859703629584,40.39831460143994,0.4688700860809008
West Bengal,Pvt. Hospital &,22.4652784,88.3898123,6.86475828976527,29.28579598915276,0.4372968169067671
West Bengal,South 24,22.1776733,88.5307853,4.66463642864578,21.50040445685209,0.5048878193219032
West Bengal,Uttar Dinajpur,25.8721428,87.961986,40.58924599370769,14.674744780649009,0.5244901409705651
Chandigarh,Chandigarh,30.7334421,76.7797143,341.6764673001983,83.78791221634037,0.4544718917785626
Delhi,Delhi##,28.6138954,77.2090057,224.30777996000228,42.078350995013984,0.40471235831428815
Ladakh,Kargil,34.5593048,76.1255767,3228.6049854941157,72.50677029759177,0.11711847242331105
Ladakh,Leh Ladakh,34.1718527,77.5866776,3726.508391858371,,0.09741994283977952
Lakshadweep,Lakshadweep,10.8132489,73.6804621,1.0316675135068367,99.20100158452242,0.2859814126361538
Puducherry,Karaikal,10.91571,79.8375761,2.497777099884549,96.6014256290002,0.4066159869334874
Puducherry,Mahe,11.7021978,75.5364701,12.941393688920295,98.88650989091603,0.6046992269048949
Puducherry,Puducherry,11.9340568,79.8306447,8.30314618142741,98.81937768228407,0.35854414650448285
Puducherry,Yanam,16.7385032,82.2106199,5.385964814692093,84.14295070607923,0.4825291762157117
Arunachal Pradesh,Leparada,27.98,94.22,567.5705108994455,77.11700110445689,0.7188402223650336
Chhattisgarh,Dakshin Bastar (Dantewada),18.9,81.35,369.68387271167455,45.19679078527957,0.5197170874845318
Chhattisgarh,Kabeerdham,22.01,81.25,344.62501145958424,32.75587003664083,0.45693111880806947
Chhattisgarh,Manendragarh-Chirmiri-Bharatpur,23.2,82.35,618.8779746994473,27.191872791519323,0.5126531873428046
Gujarat,Ahmadabad MC,23.0225,72.5714,49.82789274998091,59.38897136566052,0.22014984565888734
Gujarat,Arvalli,23.6,73.1,175.552840169095,14.453364817001058,0.47933343283320967
Gujarat,Bhavnagar MC,21.7645,72.1519,17.763911671355253,55.80019661018084,0.22284642664578933
Gujarat,Chhota Udepur,22.31,74.02,161.5723777095586,39.44603881882019,0.43895738740800316
Gujarat,Jamnagar MC,22.4707,70.0577,17.01277717060978,77.52074736010171,0.2981596650287781
Gujarat,Junagadh MC,21.5222,70.4579,127.19618368189222,56.80599939048289,0.437235230747372
Gujarat,Rajkot MC,22.3039,70.8022,132.5697673002828,67.16600560833481,0.25310759427445134
Gujarat,Surat MC,21.1702,72.8311,11.64079195227183,56.51036952132926,0.21041689378463485
Gujarat,Vadodara MC,22.3072,73.1812,35.893589313575966,60.1513228515501,0.28260980543501657
Jharkhand,East Singhbhum,22.8046,86.2029,151.21313337316943,59.08334182354757,0.35322016584333316
Karnataka,A.M.U. Almatti,16.34,75.89,520.2302018533629,73.34889275070246,0.30742201562685406
Karnataka,A.M.U. B. Gudi (Biligiri Rangan Hills),11.88,77.15,1278.6404778235374,47.41526263627354,0.6659412364043843
Karnataka,U.K.P.N. Pura (Narayanapura),16.22,76.36,486.477859154415,92.87649783582403,0.3762014842898208
Kerala,Thiruvananthapuram,8.5241,76.9366,33.07271170951342,44.26900234897834,0.5147957664894389
Madhya Pradesh,Khandwa,21.8247,76.3526,316.30135396531443,21.770100342944264,0.3827920808236338
Mizoram,Aizawl West,23.7271,92.7176,781.9183637800618,,0.6463574840198006
Nagaland,UVBDS Dimapur,25.9091,93.7266,157.83901627542855,43.114874339337646,0.5358918048429101
Rajasthan,Jaipur Gramin,26.9124,75.7873,435.53066234613715,26.848180242634303,0.2772581199327886
Tamil Nadu,Ramanathapuram,9.3716,78.8308,7.443951401866982,29.730029675740234,0.38915423948768546
Uttar Pradesh,Shrawasti,27.51,82.04,111.86167347975714,12.921633976136567,0.4650733874937911
Uttarakhand,Rudra Prayag,30.2844,78.9811,1149.3175458551748,67.70815632032489,0.6178660659662851
Uttarakhand,Udam Singh Nagar,28.975,79.402,212.97778139930327,35.39737991266377,0.4451036658207327
Uttarakhand,Uttar Kashi,30.729,78.443,1635.033066040449,55.12169449767294,0.6547229546183019
West Bengal,Basirhat HD,22.6574,88.8672,6.218894259133496,47.10958847656848,0.5358602152994659
West Bengal,Bishnupur HD,23.0672,87.3167,70.19814331776182,34.69232584940491,0.532561083352361
West Bengal,Diamond Harbour,22.1939,88.1904,3.988986616254017,97.04723858581947,0.3500377382867582
West Bengal,Nandigram HD,22.01,87.99,6.343288029877757,69.67140325879144,0.5192027771477027
West Bengal,Rampurhat HD,24.1774,87.7828,40.261466016865555,27.402465590652284,0.4910849130523534
Andaman & Nicobar,Nicobar Islands,7.03,93.79,116.92919686328302,2.864077669902913,0.6796315041172994
Andaman & Nicobar,North & Middle Andaman,12.6,92.93,97.5933227545658,97.56707469933657,0.6595449900524286
Andaman & Nicobar,South Andaman,11.67,92.74,20.202409528144933,97.80871610442132,0.42862265697964197
Jammu & Kashmir,Anantnag,33.7311,75.1542,1616.3762001683244,37.01878395561179,0.4688380034341835
Jammu & Kashmir,Bandipora,34.4173,74.6431,1706.7364528239198,34.73356926940648,0.5145542734180053
Jammu & Kashmir,Baramulla,34.198,74.3636,1729.5046322276346,83.73670759450737,0.4898475797373837
Jammu & Kashmir,Budgam,34.015,74.7743,1609.9728542288665,12.153629241587542,0.37566905511244525
Jammu & Kashmir,Doda,33.145,75.548,1466.9132820093923,81.30070264553065,0.5217400288563935
Jammu & Kashmir,Ganderbal,34.23,74.78,1707.103504428601,67.8832568965363,0.5034767009399406
Jammu & Kashmir,Jammu,32.7266,74.857,338.85244834072694,33.241231879747595,0.39639756898943523
Jammu & Kashmir,Kathua,32.3694,75.5254,334.88137216280137,29.799935706251034,0.4808365348902314
Jammu & Kashmir,Kishtwar,33.314,75.767,1884.7278988047794,66.68894337123615,0.5474238593405609
Jammu & Kashmir,Kulgam,33.645,75.02,1742.1142013173298,11.919662309368189,0.5467012351347835
Jammu & Kashmir,Kupwara,34.526,74.259,1724.9950072594934,25.89902881745655,0.5294500800141704
Jammu & Kashmir,Poonch,33.77,74.09,1174.5911393290876,28.555072244877326,0.5585238352806601
Jammu & Kashmir,Pulwama,33.874,74.899,1648.4792510919071,8.67231638418079,0.5161783700791819
Jammu & Kashmir,Rajouri,33.375,74.315,1016.731607462819,17.26214947341714,0.5610066163101546
Jammu & Kashmir,Ramban,33.246,75.235,1353.2486662532872,86.91276592073658,0.5591364243558256
Jammu & Kashmir,Reasi,33.08,74.83,546.3165723489373,84.76809734231362,0.531598382313166
Jammu & Kashmir,Samba,32.56,75.12,388.5223697087923,11.7284501456277,0.5298625480465569
Jammu & Kashmir,Shopian,33.72,74.83,2060.757938564461,15.68618784530387,0.5342703283860293
Jammu & Kashmir,Srinagar,34.0837,74.7973,1588.525725922811,66.68614807563148,0.3103435282775979
Jammu & Kashmir,Udhampur,32.925,75.135,749.0979512389102,36.511645978202225,0.5565959477423175
Dadra & Nagar Haveli and Daman & Diu,Dadra & Nagar Haveli,20.2739,73.0083,45.21153106194046,57.927037354416825,0.4588763113301933
Dadra & Nagar Haveli and Daman & Diu,Daman,20.4143,72.8324,7.122946748287578,92.658567352907,0.3686792235001509
Dadra & Nagar Haveli and Daman & Diu,Diu,20.7141,70.9874,2.4959579923749597,96.26220795548414,0.27143309022323686
