state,year,blood_slides_tested,positive_cases,pf_cases,deaths,is_partial_year,year_clean,flag_positive_gt_tested,flag_pf_gt_positive,slide_positivity_rate,pf_percentage,case_fatality_rate,testing_intensity,positive_cases_lag1,cases_yoy_change_pct,positive_cases_roll2,per_capita_nsdp_rank,population_density_rank,literacy_rate_rank,imr_rank,rural_tele_density_rank,banking_access_rank,latrine_facility_rank,safe_water_rank,forest_cover_rank
Andaman And Nicobar Islands,2022,31737.0,50.0,20.0,0.0,False,2022,False,False,0.1575448215017172,40.0,0.0,0.7951783683021061,,,,,,,,,,,,
Andaman And Nicobar Islands,2023,38986.0,42.0,11.0,0.0,False,2023,False,False,0.1077309803519211,26.190476190476197,0.0,0.9768038524947508,50.0,-16.0,,,,,,,,,,
Andaman And Nicobar Islands,2024,47413.0,96.0,46.0,0.0,False,2024,False,False,0.2024761141459093,47.91666666666667,0.0,1.187944417440456,42.0,128.57142857142858,46.0,,,,,,,,,
Andaman And Nicobar Islands,2025,55701.0,48.0,25.0,0.0,False,2025,False,False,0.086174395432757,52.083333333333336,0.0,1.3956023030782876,96.0,-50.0,69.0,,,,,,,,,
Andaman And Nicobar Islands,2026(upto June),25722.0,28.0,21.0,0.0,True,2026,False,False,0.1088562320192831,75.0,0.0,0.644471058684399,,,,,,,,,,,,
Andhra Pradesh,2022,8653048.0,2022.0,1457.0,0.0,False,2022,False,False,0.0233674885427655,72.05736894164194,0.0,0.8539133904324178,,,,13.0,16.0,25.0,20.0,12.0,12.0,9.0,20.0,10.0
Andhra Pradesh,2023,10294202.0,5268.0,4437.0,0.0,False,2023,False,False,0.0511744378048925,84.2255125284738,0.0,1.0158682734241364,2022.0,160.5341246290801,,13.0,16.0,25.0,20.0,12.0,12.0,9.0,20.0,10.0
Andhra Pradesh,2024,12364281.0,7866.0,6201.0,3.0,False,2024,False,False,0.0636187417610453,78.83295194508008,0.03813882532418,1.2201509929182324,5268.0,49.31662870159453,3645.0,13.0,16.0,25.0,20.0,12.0,12.0,9.0,20.0,10.0
Andhra Pradesh,2025,12898436.0,7878.0,6356.0,8.0,False,2025,False,False,0.0610771724571878,80.68037572988068,0.1015486164001015,1.2728632981159418,7866.0,0.15255530129672,6567.0,13.0,16.0,25.0,20.0,12.0,12.0,9.0,20.0,10.0
Andhra Pradesh,2026(upto June),6457045.0,3552.0,3011.0,5.0,True,2026,False,False,0.0550096832219691,84.76914414414415,0.1407657657657657,0.6372040451092714,,,,13.0,16.0,25.0,20.0,12.0,12.0,9.0,20.0,10.0
Arunachal Pradesh,2022,136563.0,18.0,3.0,0.0,False,2022,False,False,0.0131807297730717,16.666666666666664,0.0,0.9432279845782572,,,,17.0,29.0,28.0,13.0,13.0,11.0,15.0,13.0,28.0
Arunachal Pradesh,2023,168521.0,11.0,5.0,0.0,False,2023,False,False,0.0065273764100616,45.45454545454545,0.0,1.163958928766302,18.0,-38.88888888888889,,17.0,29.0,28.0,13.0,13.0,11.0,15.0,13.0,28.0
Arunachal Pradesh,2024,158497.0,19.0,2.0,0.0,False,2024,False,False,0.01198760859827,10.526315789473683,0.0,1.094724089773219,11.0,72.72727272727273,14.5,17.0,29.0,28.0,13.0,13.0,11.0,15.0,13.0,28.0
Arunachal Pradesh,2025,185359.0,32.0,11.0,0.0,False,2025,False,False,0.0172637962008858,34.375,0.0,1.2802574342496955,19.0,68.42105263157895,15.0,17.0,29.0,28.0,13.0,13.0,11.0,15.0,13.0,28.0
Arunachal Pradesh,2026(upto June),74973.0,6.0,2.0,0.0,True,2026,False,False,0.0080028810371733,33.33333333333333,0.0,0.5178315626325263,,,,17.0,29.0,28.0,13.0,13.0,11.0,15.0,13.0,28.0
Assam,2022,4139536.0,280.0,118.0,0.0,False,2022,False,False,0.0067640431198085,42.142857142857146,0.0,0.8603742839802798,,,,26.0,10.0,20.0,28.0,25.0,4.0,17.0,8.0,18.0
Assam,2023,4712599.0,567.0,283.0,0.0,False,2023,False,False,0.0120315774798577,49.91181657848324,0.0,0.9794815144284728,280.0,102.5,,26.0,10.0,20.0,28.0,25.0,4.0,17.0,8.0,18.0
Assam,2024,6510331.0,5036.0,1130.0,7.0,False,2024,False,False,0.0773539778545822,22.43844320889595,0.1389992057188244,1.3531278318631894,567.0,788.1834215167548,423.5,26.0,10.0,20.0,28.0,25.0,4.0,17.0,8.0,18.0
Assam,2025,6022592.0,3995.0,519.0,3.0,False,2025,False,False,0.0663335653486073,12.991239048811012,0.0750938673341677,1.2517546120399392,5036.0,-20.67116759332804,2801.5,26.0,10.0,20.0,28.0,25.0,4.0,17.0,8.0,18.0
Assam,2026(upto June),2671542.0,1296.0,278.0,0.0,True,2026,False,False,0.048511309198957,21.450617283950617,0.0,0.5552617576881188,,,,26.0,10.0,20.0,28.0,25.0,4.0,17.0,8.0,18.0
Bihar,2022,176335.0,578.0,208.0,0.0,False,2022,False,False,0.3277851816145405,35.98615916955018,0.0,0.7779116930051254,,,,29.0,2.0,29.0,22.0,28.0,5.0,3.0,26.0,6.0
Bihar,2023,225722.0,1257.0,519.0,0.0,False,2023,False,False,0.5568797015798194,41.28878281622912,0.0,0.9957851995831962,578.0,117.47404844290656,,29.0,2.0,29.0,22.0,28.0,5.0,3.0,26.0,6.0
Bihar,2024,225687.0,906.0,380.0,0.0,False,2024,False,False,0.4014409336824894,41.94260485651214,0.0,0.9956307951299952,1257.0,-27.9236276849642,917.5,29.0,2.0,29.0,22.0,28.0,5.0,3.0,26.0,6.0
Bihar,2025,354214.0,1041.0,399.0,0.0,False,2025,False,False,0.2938901342126511,38.328530259366,0.0,1.562634828174313,906.0,14.90066225165563,1081.5,29.0,2.0,29.0,22.0,28.0,5.0,3.0,26.0,6.0
Bihar,2026(upto June),151429.0,349.0,107.0,0.0,True,2026,False,False,0.2304710458366627,30.65902578796561,0.0,0.6680374841073702,,,,29.0,2.0,29.0,22.0,28.0,5.0,3.0,26.0,6.0
Chandigarh,2022,51828.0,2.0,0.0,0.0,False,2022,False,False,0.0038589179594041,0.0,0.0,0.8167137310271797,,,,,,,,,,,,
Chandigarh,2023,56066.0,2.0,0.0,0.0,False,2023,False,False,0.0035672243427389,0.0,0.0,0.8834967979426152,2.0,0.0,,,,,,,,,,
Chandigarh,2024,70924.0,2.0,0.0,0.0,False,2024,False,False,0.0028199199142744,0.0,0.0,1.1176314860571832,2.0,0.0,2.0,,,,,,,,,
Chandigarh,2025,100102.0,65.0,5.0,0.0,False,2025,False,False,0.0649337675570917,7.6923076923076925,0.0,1.5774229741314103,2.0,3150.0,2.0,,,,,,,,,
Chandigarh,2026(upto June),38376.0,7.0,0.0,0.0,True,2026,False,False,0.0182405670210548,0.0,0.0,0.6047350108416116,,,,,,,,,,,,
Chhattisgarh,2022,5815212.0,30029.0,25902.0,20.0,False,2022,False,False,0.5163870207999296,86.25661860201805,0.0666022844583569,0.9481079878291828,,,,22.0,20.0,21.0,23.0,26.0,8.0,4.0,17.0,19.0
Chhattisgarh,2023,6891223.0,31706.0,28167.0,15.0,False,2023,False,False,0.46009249736948,88.83807481233836,0.0473096574780798,1.1235400484474487,30029.0,5.584601551833228,,22.0,20.0,21.0,23.0,26.0,8.0,4.0,17.0,19.0
Chhattisgarh,2024,7835708.0,31373.0,27300.0,18.0,False,2024,False,False,0.4003850066898869,87.01749912345011,0.0573741752462308,1.2775282044914322,31706.0,-1.0502743960133727,30867.5,22.0,20.0,21.0,23.0,26.0,8.0,4.0,17.0,19.0
Chhattisgarh,2025,6987642.0,28836.0,25304.0,12.0,False,2025,False,False,0.4126713990213008,87.75142183381884,0.0416146483562213,1.1392601329565777,31373.0,-8.086571255538201,31539.5,22.0,20.0,21.0,23.0,26.0,8.0,4.0,17.0,19.0
Chhattisgarh,2026(upto June),3137671.0,9523.0,7995.0,0.0,True,2026,False,False,0.3035053707033019,83.95463614407225,0.0,0.5115636262753585,,,,22.0,20.0,21.0,23.0,26.0,8.0,4.0,17.0,19.0
Delhi,2022,46299.0,263.0,43.0,1.0,False,2022,False,False,0.5680468260653578,16.34980988593156,0.3802281368821292,0.3411396816648565,,,,2.0,1.0,5.0,7.0,1.0,25.0,27.0,27.0,8.0
Delhi,2023,65633.0,344.0,41.0,1.0,False,2023,False,False,0.5241265826642085,11.918604651162791,0.2906976744186046,0.4835962056785142,263.0,30.798479087452478,,2.0,1.0,5.0,7.0,1.0,25.0,27.0,27.0,8.0
Delhi,2024,224373.0,910.0,82.0,0.0,False,2024,False,False,0.4055746457907146,9.010989010989013,0.0,1.653222181779063,344.0,164.53488372093022,303.5,2.0,1.0,5.0,7.0,1.0,25.0,27.0,27.0,8.0
Delhi,2025,328650.0,941.0,118.0,0.0,False,2025,False,False,0.2863228358436026,12.539851222104144,0.0,2.4215545990011687,910.0,3.4065934065934065,627.0,2.0,1.0,5.0,7.0,1.0,25.0,27.0,27.0,8.0
Delhi,2026(upto June),13638.0,46.0,16.0,0.0,True,2026,False,False,0.3372928581903505,34.78260869565217,0.0,0.1004873318763971,,,,2.0,1.0,5.0,7.0,1.0,25.0,27.0,27.0,8.0
Goa,2022,249449.0,587.0,244.0,0.0,False,2022,False,False,0.2353186422876018,41.56729131175469,0.0,0.7605620833965995,,,,1.0,11.0,4.0,1.0,4.0,28.0,23.0,16.0,23.0
Goa,2023,319859.0,1346.0,488.0,0.0,False,2023,False,False,0.4208104195911323,36.2555720653789,0.0,0.9752399385571916,587.0,129.3015332197615,,1.0,11.0,4.0,1.0,4.0,28.0,23.0,16.0,23.0
Goa,2024,406527.0,884.0,286.0,0.0,False,2024,False,False,0.2174517313733159,32.35294117647059,0.0,1.2394879196828583,1346.0,-34.323922734026745,966.5,1.0,11.0,4.0,1.0,4.0,28.0,23.0,16.0,23.0
Goa,2025,457621.0,448.0,104.0,0.0,False,2025,False,False,0.0978976052235365,23.214285714285715,0.0,1.3952719039404256,884.0,-49.321266968325794,1115.0,1.0,11.0,4.0,1.0,4.0,28.0,23.0,16.0,23.0
Goa,2026(upto June),206443.0,148.0,36.0,0.0,True,2026,False,False,0.0716904908376646,24.324324324324326,0.0,0.6294381544229248,,,,1.0,11.0,4.0,1.0,4.0,28.0,23.0,16.0,23.0
Gujarat,2022,15192658.0,4785.0,518.0,0.0,False,2022,False,False,0.0314954763017768,10.825496342737722,0.0,0.9785534867167957,,,,6.0,15.0,13.0,17.0,8.0,15.0,13.0,19.0,5.0
Gujarat,2023,17442857.0,4311.0,662.0,1.0,False,2023,False,False,0.0247149879174036,15.356065877986548,0.0231964741359313,1.1234879726544535,4785.0,-9.905956112852666,,6.0,15.0,13.0,17.0,8.0,15.0,13.0,19.0,5.0
Gujarat,2024,18109327.0,4365.0,698.0,1.0,False,2024,False,False,0.0241036014204172,15.990836197021762,0.0229095074455899,1.166415059033423,4311.0,1.2526096033402925,4548.0,6.0,15.0,13.0,17.0,8.0,15.0,13.0,19.0,5.0
Gujarat,2025,18120556.0,3813.0,789.0,2.0,False,2025,False,False,0.0210424006857184,20.69236821400472,0.0524521374246,1.1671383147732903,4365.0,-12.646048109965635,4338.0,6.0,15.0,13.0,17.0,8.0,15.0,13.0,19.0,5.0
Gujarat,2026(upto June),8762745.0,422.0,30.0,0.0,True,2026,False,False,0.0048158425242318,7.109004739336493,0.0,0.5644051668220378,,,,6.0,15.0,13.0,17.0,8.0,15.0,13.0,19.0,5.0
Haryana,2022,3323816.0,52.0,1.0,0.0,False,2022,False,False,0.0015644668657952,1.9230769230769231,0.0,1.046075899840304,,,,5.0,6.0,16.0,21.0,7.0,20.0,19.0,25.0,2.0
Haryana,2023,3708401.0,85.0,5.0,0.0,False,2023,False,False,0.0022920930072017,5.88235294117647,0.0,1.1671130149935145,52.0,63.46153846153846,,5.0,6.0,16.0,21.0,7.0,20.0,19.0,25.0,2.0
Haryana,2024,3775769.0,522.0,30.0,0.0,False,2024,False,False,0.0138249982983598,5.747126436781609,0.0,1.1883151637347331,85.0,514.1176470588235,68.5,5.0,6.0,16.0,21.0,7.0,20.0,19.0,25.0,2.0
Haryana,2025,3628970.0,515.0,25.0,0.0,False,2025,False,False,0.0141913545716828,4.854368932038835,0.0,1.142114382457834,522.0,-1.3409961685823757,303.5,5.0,6.0,16.0,21.0,7.0,20.0,19.0,25.0,2.0
Haryana,2026(upto June),1450113.0,83.0,7.0,0.0,True,2026,False,False,0.0057236918778053,8.433734939759036,0.0,0.4563815389736143,,,,5.0,6.0,16.0,21.0,7.0,20.0,19.0,25.0,2.0
Himachal Pradesh,2022,226943.0,12.0,2.0,0.0,False,2022,False,False,0.0052876713535998,16.666666666666664,0.0,0.9167799127103264,,,,10.0,24.0,6.0,15.0,2.0,29.0,20.0,24.0,15.0
Himachal Pradesh,2023,274839.0,23.0,0.0,0.0,False,2023,False,False,0.0083685357609364,0.0,0.0,1.1102650199803186,12.0,91.66666666666666,,10.0,24.0,6.0,15.0,2.0,29.0,20.0,24.0,15.0
Himachal Pradesh,2024,281499.0,28.0,2.0,0.0,False,2024,False,False,0.0099467493667828,7.142857142857142,0.0,1.137169371375386,23.0,21.73913043478261,17.5,10.0,24.0,6.0,15.0,2.0,29.0,20.0,24.0,15.0
Himachal Pradesh,2025,303334.0,28.0,4.0,0.0,False,2025,False,False,0.0092307489434089,14.285714285714285,0.0,1.2253760549656707,28.0,0.0,25.5,10.0,24.0,6.0,15.0,2.0,29.0,20.0,24.0,15.0
Himachal Pradesh,2026(upto June),151103.0,3.0,1.0,0.0,True,2026,False,False,0.0019854006869486,33.33333333333333,0.0,0.6104096409682981,,,,10.0,24.0,6.0,15.0,2.0,29.0,20.0,24.0,15.0
Jammu And Kashmir,2022,450767.0,35.0,1.0,0.0,False,2022,False,False,0.0077645435446694,2.857142857142857,0.0,1.1091647633797257,,,,20.0,27.0,24.0,18.0,20.0,22.0,10.0,10.0,7.0
Jammu And Kashmir,2023,485729.0,44.0,14.0,0.0,False,2023,False,False,0.0090585491086593,31.818181818181817,0.0,1.1951928409836363,35.0,25.71428571428571,,20.0,27.0,24.0,18.0,20.0,22.0,10.0,10.0,7.0
Jammu And Kashmir,2024,461482.0,108.0,21.0,0.0,False,2024,False,False,0.0234028629502342,19.444444444444446,0.0,1.1355302702593637,44.0,145.45454545454547,39.5,20.0,27.0,24.0,18.0,20.0,22.0,10.0,10.0,7.0
Jammu And Kashmir,2025,425359.0,127.0,20.0,0.0,False,2025,False,False,0.0298571324457693,15.748031496062993,0.0,1.0466454167817003,108.0,17.59259259259259,76.0,20.0,27.0,24.0,18.0,20.0,22.0,10.0,10.0,7.0
Jammu And Kashmir,2026(upto June),208674.0,28.0,10.0,0.0,True,2026,False,False,0.0134180587902661,35.714285714285715,0.0,0.5134667085955735,,,,20.0,27.0,24.0,18.0,20.0,22.0,10.0,10.0,7.0
Jharkhand,2022,9778246.0,19167.0,14963.0,4.0,False,2022,False,False,0.196016749834275,78.06646840924506,0.020869202274743,1.536952047076515,,,,23.0,9.0,26.0,18.0,28.0,13.0,1.0,5.0,16.0
Jharkhand,2023,5731625.0,34087.0,28990.0,2.0,False,2023,False,False,0.5947179028634986,85.04708539912576,0.0058673394549241,0.9009011203875348,19167.0,77.84212448479157,,23.0,9.0,26.0,18.0,28.0,13.0,1.0,5.0,16.0
Jharkhand,2024,6127645.0,42352.0,35016.0,0.0,False,2024,False,False,0.691162755022525,82.67850396675482,0.0,0.9631478412905722,34087.0,24.24678029747411,26627.0,23.0,9.0,26.0,18.0,28.0,13.0,1.0,5.0,16.0
Jharkhand,2025,6978492.0,42236.0,32761.0,2.0,False,2025,False,False,0.6052310441854774,77.56653092148878,0.0047352969031158,1.0968846115046689,42352.0,-0.2738949754438987,38219.5,23.0,9.0,26.0,18.0,28.0,13.0,1.0,5.0,16.0
Jharkhand,2026(upto June),3194503.0,16727.0,12119.0,5.0,True,2026,False,False,0.5236182279371784,72.45172475638189,0.0298917917139953,0.5021143797407089,,,,23.0,9.0,26.0,18.0,28.0,13.0,1.0,5.0,16.0
Karnataka,2022,11573428.0,289.0,34.0,0.0,False,2022,False,False,0.0024970993900856,11.76470588235294,0.0,0.9268779227349244,,,,14.0,14.0,17.0,11.0,11.0,16.0,10.0,18.0,12.0
Karnataka,2023,13349842.0,275.0,61.0,2.0,False,2023,False,False,0.0020599494735593,22.181818181818183,0.7272727272727273,1.0691450987382,289.0,-4.844290657439446,,14.0,14.0,17.0,11.0,11.0,16.0,10.0,18.0,12.0
Karnataka,2024,14657160.0,740.0,114.0,3.0,False,2024,False,False,0.0050487270385258,15.405405405405409,0.4054054054054054,1.1738439133153484,275.0,169.0909090909091,282.0,14.0,14.0,17.0,11.0,11.0,16.0,10.0,18.0,12.0
Karnataka,2025,15621201.0,694.0,208.0,1.0,False,2025,False,False,0.0044426801754871,29.971181556195965,0.1440922190201729,1.251050797871186,740.0,-6.216216216216217,507.5,14.0,14.0,17.0,11.0,11.0,16.0,10.0,18.0,12.0
Karnataka,2026(upto June),7230690.0,199.0,38.0,0.0,True,2026,False,False,0.0027521578161973,19.09547738693467,0.0,0.5790822673403413,,,,14.0,14.0,17.0,11.0,11.0,16.0,10.0,18.0,12.0
Kerala,2022,2576921.0,439.0,206.0,0.0,False,2022,False,False,0.0170358346258965,46.9248291571754,0.0,0.8862486177949597,,,,8.0,4.0,1.0,3.0,6.0,24.0,29.0,1.0,21.0
Kerala,2023,3076673.0,569.0,301.0,7.0,False,2023,False,False,0.0184940031001019,52.899824253075565,1.2302284710017577,1.0581221518459711,439.0,29.6127562642369,,8.0,4.0,1.0,3.0,6.0,24.0,29.0,1.0,21.0
Kerala,2024,3331487.0,954.0,494.0,6.0,False,2024,False,False,0.0286358614036314,51.78197064989518,0.628930817610063,1.1457571842333842,569.0,67.66256590509666,504.0,8.0,4.0,1.0,3.0,6.0,24.0,29.0,1.0,21.0
Kerala,2025,3762263.0,1144.0,568.0,2.0,False,2025,False,False,0.0304072309671067,49.65034965034965,0.1748251748251748,1.2939086543712897,954.0,19.91614255765199,761.5,8.0,4.0,1.0,3.0,6.0,24.0,29.0,1.0,21.0
Kerala,2026(upto June),1791020.0,457.0,252.0,2.0,True,2026,False,False,0.0255161863072439,55.14223194748359,0.437636761487965,0.6159633917543955,,,,8.0,4.0,1.0,3.0,6.0,24.0,29.0,1.0,21.0
Ladakh,2022,2.0,2.0,0.0,0.0,False,2022,False,False,100.0,0.0,0.0,0.0086655112651646,,,,,,,,,,,,
Ladakh,2023,160.0,10.0,1.0,1.0,False,2023,False,False,6.25,10.0,10.0,0.6932409012131715,2.0,400.0,,,,,,,,,,
Ladakh,2024,247.0,9.0,1.0,0.0,False,2024,False,False,3.643724696356275,11.11111111111111,0.0,1.0701906412478337,10.0,-10.0,6.0,,,,,,,,,
Ladakh,2025,501.0,10.0,6.0,0.0,False,2025,False,False,1.996007984031936,60.0,0.0,2.170710571923744,9.0,11.11111111111111,9.5,,,,,,,,,
Ladakh,2026(upto June),244.0,4.0,1.0,0.0,True,2026,False,False,1.639344262295082,25.0,0.0,1.0571923743500866,,,,,,,,,,,,
Lakshadweep,2022,1893.0,0.0,0.0,0.0,False,2022,False,False,0.0,,,1.329167251790479,,,,,,,,,,,,
Lakshadweep,2023,1400.0,0.0,0.0,0.0,False,2023,False,False,0.0,,,0.9830080044937508,0.0,,,,,,,,,,,
Lakshadweep,2024,1455.0,1.0,1.0,0.0,False,2024,False,False,0.0687285223367697,100.0,0.0,1.0216261760988623,0.0,inf,0.0,,,,,,,,,
Lakshadweep,2025,2033.0,0.0,0.0,0.0,False,2025,False,False,0.0,,,1.427468052239854,1.0,-100.0,0.5,,,,,,,,,
Lakshadweep,2026(upto June),340.0,0.0,0.0,0.0,True,2026,False,False,0.0,,,0.2387305153770537,,,,,,,,,,,,
Madhya Pradesh,2022,11031117.0,3826.0,2452.0,0.0,False,2022,False,False,0.034683704288514,64.08782017773132,0.0,1.1606740529127495,,,,24.0,18.0,22.0,28.0,26.0,7.0,5.0,11.0,14.0
Madhya Pradesh,2023,11530451.0,3794.0,2625.0,0.0,False,2023,False,False,0.0329041769484992,69.18819188191881,0.0,1.213213067550808,3826.0,-0.836382645060115,,24.0,18.0,22.0,28.0,26.0,7.0,5.0,11.0,14.0
Madhya Pradesh,2024,11899664.0,3247.0,2041.0,0.0,False,2024,False,False,0.027286484727636,62.858022790267945,0.0,1.2520609874031745,3794.0,-14.417501317870322,3810.0,24.0,18.0,22.0,28.0,26.0,7.0,5.0,11.0,14.0
Madhya Pradesh,2025,9927398.0,2347.0,1333.0,0.0,False,2025,False,False,0.0236416430569218,56.795909671921606,0.0,1.0445427486208263,3247.0,-27.71789344009855,3520.5,24.0,18.0,22.0,28.0,26.0,7.0,5.0,11.0,14.0
Madhya Pradesh,2026(upto June),3131675.0,361.0,186.0,0.0,True,2026,False,False,0.0115273775216138,51.52354570637119,0.0,0.3295091435124417,,,,24.0,18.0,22.0,28.0,26.0,7.0,5.0,11.0,14.0
Maharashtra,2022,17353964.0,15451.0,8983.0,26.0,False,2022,False,False,0.0890344131173719,58.13863180376675,0.1682738981295709,0.8598183687649029,,,,4.0,12.0,7.0,7.0,9.0,21.0,12.0,14.0,9.0
Maharashtra,2023,18931780.0,16159.0,6297.0,19.0,False,2023,False,False,0.0853538336067712,38.96899560616375,0.117581533510737,0.9379927374181491,15451.0,4.582227687528316,,4.0,12.0,7.0,7.0,9.0,21.0,12.0,14.0,9.0
Maharashtra,2024,21623801.0,21078.0,8832.0,26.0,False,2024,False,False,0.0974759247923156,41.90150868203815,0.1233513616092608,1.0713714343487677,16159.0,30.44124017575345,15805.0,4.0,12.0,7.0,7.0,9.0,21.0,12.0,14.0,9.0
Maharashtra,2025,31619647.0,23821.0,9199.0,28.0,False,2025,False,False,0.075336071904914,38.61718651609924,0.1175433441081398,1.5666249684776374,21078.0,13.01356864977702,18618.5,4.0,12.0,7.0,7.0,9.0,21.0,12.0,14.0,9.0
Maharashtra,2026(upto June),11387261.0,5214.0,1117.0,0.0,True,2026,False,False,0.0457880081961764,21.423091676256234,0.0,0.5641924909905424,,,,4.0,12.0,7.0,7.0,9.0,21.0,12.0,14.0,9.0
Manipur,2022,170729.0,30.0,10.0,0.0,False,2022,False,False,0.0175717072085,33.33333333333333,0.0,1.2063863313571836,,,,27.0,23.0,11.0,2.0,13.0,1.0,26.0,3.0,25.0
Manipur,2023,77627.0,34.0,12.0,0.0,False,2023,False,False,0.0437991935795535,35.294117647058826,0.0,0.548519301022463,30.0,13.333333333333334,,27.0,23.0,11.0,2.0,13.0,1.0,26.0,3.0,25.0
Manipur,2024,148178.0,43.0,11.0,0.0,False,2024,False,False,0.0290191526407428,25.58139534883721,0.0,1.0470389553493828,34.0,26.47058823529412,32.0,27.0,23.0,11.0,2.0,13.0,1.0,26.0,3.0,25.0
Manipur,2025,209323.0,78.0,10.0,0.0,False,2025,False,False,0.0372629859117249,12.82051282051282,0.0,1.4790949753040186,43.0,81.3953488372093,38.5,27.0,23.0,11.0,2.0,13.0,1.0,26.0,3.0,25.0
Manipur,2026(upto June),101748.0,169.0,18.0,0.0,True,2026,False,False,0.1660966308920077,10.650887573964498,0.0,0.7189604369669519,,,,27.0,23.0,11.0,2.0,13.0,1.0,26.0,3.0,25.0
Meghalaya,2022,586579.0,479.0,446.0,8.0,False,2022,False,False,0.0816599298645195,93.1106471816284,1.670146137787056,0.9034858922696976,,,,18.0,22.0,18.0,24.0,13.0,3.0,16.0,2.0,26.0
Meghalaya,2023,662339.0,1755.0,1679.0,14.0,False,2023,False,False,0.2649700530996967,95.66951566951568,0.7977207977207977,1.020176212240839,479.0,266.3883089770355,,18.0,22.0,18.0,24.0,13.0,3.0,16.0,2.0,26.0
Meghalaya,2024,789799.0,673.0,602.0,4.0,False,2024,False,False,0.0852115538257202,89.45022288261517,0.5943536404160475,1.2164981259620866,1755.0,-61.65242165242165,1117.0,18.0,22.0,18.0,24.0,13.0,3.0,16.0,2.0,26.0
Meghalaya,2025,838217.0,418.0,355.0,2.0,False,2025,False,False,0.0498677550085479,84.92822966507177,0.4784688995215311,1.2910745767588492,673.0,-37.89004457652303,1214.0,18.0,22.0,18.0,24.0,13.0,3.0,16.0,2.0,26.0
Meghalaya,2026(upto June),369265.0,115.0,73.0,0.0,True,2026,False,False,0.0311429461227032,63.47826086956522,0.0,0.5687651927685271,,,,18.0,22.0,18.0,24.0,13.0,3.0,16.0,2.0,26.0
Mizoram,2022,461929.0,11156.0,8252.0,10.0,False,2022,False,False,2.4150897648772864,73.96916457511654,0.0896378630333452,1.487288809554627,,,,16.0,28.0,2.0,15.0,13.0,14.0,28.0,6.0,29.0
Mizoram,2023,367855.0,18077.0,11628.0,13.0,False,2023,False,False,4.914164548531351,64.32483266028656,0.0719145875974995,1.1843954915987465,11156.0,62.03836500537827,,16.0,28.0,2.0,15.0,13.0,14.0,28.0,6.0,29.0
Mizoram,2024,307934.0,16899.0,8950.0,7.0,False,2024,False,False,5.4878642826060124,52.96171371087046,0.0414225693828037,0.991465771322854,18077.0,-6.516568014604193,14616.5,16.0,28.0,2.0,15.0,13.0,14.0,28.0,6.0,29.0
Mizoram,2025,289387.0,9330.0,5490.0,6.0,False,2025,False,False,3.2240563674249363,58.842443729903536,0.0643086816720257,0.9317493526723476,16899.0,-44.78963252263448,17488.0,16.0,28.0,2.0,15.0,13.0,14.0,28.0,6.0,29.0
Mizoram,2026(upto June),125818.0,4663.0,2578.0,0.0,True,2026,False,False,3.706146974200829,55.286296375723786,0.0,0.4051005748514253,,,,16.0,28.0,2.0,15.0,13.0,14.0,28.0,6.0,29.0
Nagaland,2022,258973.0,9.0,4.0,0.0,False,2022,False,False,0.0034752657612955,44.44444444444444,0.0,1.0930331497915422,,,,11.0,25.0,10.0,4.0,13.0,2.0,21.0,4.0,27.0
Nagaland,2023,249433.0,10.0,5.0,0.0,False,2023,False,False,0.0040090926220668,50.0,0.0,1.0527681945683671,9.0,11.11111111111111,,11.0,25.0,10.0,4.0,13.0,2.0,21.0,4.0,27.0
Nagaland,2024,306539.0,12.0,3.0,0.0,False,2024,False,False,0.0039146731737234,25.0,0.0,1.2937923594504044,10.0,20.0,9.5,11.0,25.0,10.0,4.0,13.0,2.0,21.0,4.0,27.0
Nagaland,2025,256810.0,210.0,5.0,0.0,False,2025,False,False,0.081772516646548,2.380952380952381,0.0,1.0839038942205017,12.0,1650.0,11.0,11.0,25.0,10.0,4.0,13.0,2.0,21.0,4.0,27.0
Nagaland,2026(upto June),112898.0,96.0,4.0,0.0,True,2026,False,False,0.0850325072189055,4.166666666666666,0.0,0.4765024019691842,,,,11.0,25.0,10.0,4.0,13.0,2.0,21.0,4.0,27.0
Odisha,2022,8160202.0,23770.0,19295.0,5.0,False,2022,False,False,0.2912918087076765,81.17374842238115,0.0210349179638199,0.9303469661361174,,,,25.0,17.0,19.0,27.0,22.0,6.0,1.0,9.0,17.0
Odisha,2023,9509933.0,41973.0,33684.0,4.0,False,2023,False,False,0.4413595763503276,80.25159030805517,0.0095299359111809,1.0842301838493391,23770.0,76.57972233908288,,25.0,17.0,19.0,27.0,22.0,6.0,1.0,9.0,17.0
Odisha,2024,10468801.0,68693.0,50501.0,8.0,False,2024,False,False,0.6561687436794338,73.51695223676357,0.0116460192450468,1.1935509990356554,41973.0,63.65997188668906,32871.5,25.0,17.0,19.0,27.0,22.0,6.0,1.0,9.0,17.0
Odisha,2025,10832023.0,62137.0,43153.0,6.0,False,2025,False,False,0.5736416918612525,69.44815488356375,0.0096560825273186,1.23496204323945,68693.0,-9.543912771315854,55333.0,25.0,17.0,19.0,27.0,22.0,6.0,1.0,9.0,17.0
Odisha,2026(upto June),4884733.0,17977.0,12577.0,1.0,True,2026,False,False,0.3680242093068342,69.96161762251766,0.0055626634032374,0.5569098077394378,,,,25.0,17.0,19.0,27.0,22.0,6.0,1.0,9.0,17.0
Puducherry,2022,103037.0,0.0,0.0,0.0,False,2022,False,False,0.0,,,0.783622840107082,,,,,,,,,,,,
Puducherry,2023,147431.0,6.0,0.0,0.0,False,2023,False,False,0.004069700402222,0.0,0.0,1.1212506084205405,0.0,inf,,,,,,,,,,
Puducherry,2024,165198.0,4.0,3.0,0.0,False,2024,False,False,0.0024213368200583,75.0,0.0,1.256373205159406,6.0,-33.33333333333333,3.0,,,,,,,,,
Puducherry,2025,166891.0,17.0,7.0,0.0,False,2025,False,False,0.0101862892546632,41.17647058823529,0.0,1.2692489048430275,4.0,325.0,5.0,,,,,,,,,
Puducherry,2026(upto June),74883.0,10.0,6.0,0.0,True,2026,False,False,0.0133541658320313,60.0,0.0,0.5695044414699441,,,,,,,,,,,,
Punjab,2022,2942145.0,119.0,8.0,2.0,False,2022,False,False,0.0040446680907977,6.722689075630252,1.680672268907563,1.1606916087079298,,,,12.0,8.0,15.0,9.0,4.0,17.0,22.0,29.0,1.0
Punjab,2023,2823429.0,75.0,7.0,0.0,False,2023,False,False,0.00265634446625,9.333333333333334,0.0,1.1138575250650875,119.0,-36.97478991596639,,12.0,8.0,15.0,9.0,4.0,17.0,22.0,29.0,1.0
Punjab,2024,2842710.0,379.0,33.0,0.0,False,2024,False,False,0.013332348357729,8.70712401055409,0.0,1.1214639805278528,75.0,405.33333333333337,97.0,12.0,8.0,15.0,9.0,4.0,17.0,22.0,29.0,1.0
Punjab,2025,2823401.0,420.0,10.0,0.0,False,2025,False,False,0.0148756765333723,2.380952380952381,0.0,1.1138464789184686,379.0,10.817941952506596,227.0,12.0,8.0,15.0,9.0,4.0,17.0,22.0,29.0,1.0
Punjab,2026(upto June),1242418.0,95.0,6.0,0.0,True,2026,False,False,0.0076463798818111,6.315789473684211,0.0,0.4901404067806613,,,,12.0,8.0,15.0,9.0,4.0,17.0,22.0,29.0,1.0
Rajasthan,2022,10339992.0,1565.0,112.0,1.0,False,2022,False,False,0.0151354082285556,7.156549520766774,0.0638977635782747,1.086698468350923,,,,21.0,19.0,27.0,24.0,10.0,19.0,6.0,12.0,3.0
Rajasthan,2023,10085307.0,2263.0,248.0,0.0,False,2023,False,False,0.0224385831784793,10.95890410958904,0.0,1.059931929323431,1565.0,44.60063897763578,,21.0,19.0,27.0,24.0,10.0,19.0,6.0,12.0,3.0
Rajasthan,2024,10558402.0,2213.0,665.0,1.0,False,2024,False,False,0.020959611122971,30.049706281066424,0.0451875282422051,1.1096526265816573,2263.0,-2.209456473707468,1914.0,21.0,19.0,27.0,24.0,10.0,19.0,6.0,12.0,3.0
Rajasthan,2025,11935188.0,1756.0,689.0,0.0,False,2025,False,False,0.0147127971507445,39.2369020501139,0.0,1.2543482160412036,2213.0,-20.650700406687758,2238.0,21.0,19.0,27.0,24.0,10.0,19.0,6.0,12.0,3.0
Rajasthan,2026(upto June),4656369.0,224.0,38.0,0.0,True,2026,False,False,0.004810615309912,16.964285714285715,0.0,0.489368759702785,,,,21.0,19.0,27.0,24.0,10.0,19.0,6.0,12.0,3.0
Sikkim,2022,7920.0,8.0,3.0,0.0,False,2022,False,False,0.101010101010101,37.5,0.0,0.5833566577788253,,,,3.0,26.0,8.0,6.0,13.0,18.0,25.0,15.0,22.0
Sikkim,2023,9743.0,6.0,1.0,0.0,False,2023,False,False,0.0615826747408395,16.666666666666664,0.0,0.7176318076690776,8.0,-25.0,,3.0,26.0,8.0,6.0,13.0,18.0,25.0,15.0,22.0
Sikkim,2024,21985.0,7.0,2.0,0.0,False,2024,False,False,0.03183989083466,28.57142857142857,0.0,1.6193303183418528,6.0,16.666666666666664,7.0,3.0,26.0,8.0,6.0,13.0,18.0,25.0,15.0,22.0
Sikkim,2025,19202.0,14.0,5.0,0.0,False,2025,False,False,0.0729090719716696,35.714285714285715,0.0,1.4143452705390156,7.0,100.0,6.5,3.0,26.0,8.0,6.0,13.0,18.0,25.0,15.0,22.0
Sikkim,2026(upto June),9033.0,9.0,1.0,0.0,True,2026,False,False,0.0996346728661574,11.11111111111111,0.0,0.6653359456712284,,,,3.0,26.0,8.0,6.0,13.0,18.0,25.0,15.0,22.0
Tamil Nadu,2022,11274448.0,354.0,71.0,0.0,False,2022,False,False,0.0031398432987583,20.05649717514125,0.0,1.0263474234596366,,,,7.0,7.0,9.0,5.0,3.0,10.0,8.0,23.0,11.0
Tamil Nadu,2023,12649263.0,385.0,84.0,0.0,False,2023,False,False,0.0030436555868907,21.818181818181817,0.0,1.1515010303576114,354.0,8.757062146892656,,7.0,7.0,9.0,5.0,3.0,10.0,8.0,23.0,11.0
Tamil Nadu,2024,12646221.0,347.0,96.0,0.0,False,2024,False,False,0.0027439027042149,27.6657060518732,0.0,1.1512241078100809,385.0,-9.87012987012987,369.5,7.0,7.0,9.0,5.0,3.0,10.0,8.0,23.0,11.0
Tamil Nadu,2025,12664972.0,324.0,106.0,2.0,False,2025,False,False,0.0025582370020241,32.71604938271605,0.6172839506172839,1.1529310685887628,347.0,-6.628242074927954,366.0,7.0,7.0,9.0,5.0,3.0,10.0,8.0,23.0,11.0
Tamil Nadu,2026(upto June),5690201.0,102.0,50.0,2.0,True,2026,False,False,0.0017925553069214,49.01960784313725,1.96078431372549,0.5179963697839085,,,,7.0,7.0,9.0,5.0,3.0,10.0,8.0,23.0,11.0
Telangana,2022,4952745.0,611.0,540.0,0.0,False,2022,False,False,0.0123365931417829,88.379705400982,0.0,1.110701687438508,,,,,,,,,,,,
Telangana,2023,4868195.0,420.0,368.0,0.0,False,2023,False,False,0.008627427619477,87.61904761904762,0.0,1.0917405199096073,611.0,-31.26022913256956,,,,,,,,,,
Telangana,2024,5081050.0,269.0,231.0,0.0,False,2024,False,False,0.0052941813207899,85.87360594795538,0.0,1.1394753432610465,420.0,-35.95238095238095,515.5,,,,,,,,,
Telangana,2025,5288213.0,259.0,191.0,0.0,False,2025,False,False,0.0048976847188265,73.74517374517374,0.0,1.1859336797340172,269.0,-3.717472118959108,344.5,,,,,,,,,
Telangana,2026(upto June),2105365.0,55.0,45.0,0.0,True,2026,False,False,0.0026123736264258,81.81818181818183,0.0,0.4721487696568215,,,,,,,,,,,,
The Dadra And Nagar Haveli And Daman And Diu,2022,131198.0,111.0,16.0,0.0,False,2022,False,False,0.0846049482461623,14.414414414414416,0.0,1.0643227413218246,,,,,,,,,,,,
The Dadra And Nagar Haveli And Daman And Diu,2023,146190.0,128.0,36.0,1.0,False,2023,False,False,0.087557288460223,28.125,0.78125,1.1859429378026918,111.0,15.315315315315312,,,,,,,,,,
The Dadra And Nagar Haveli And Daman And Diu,2024,129983.0,207.0,29.0,0.0,False,2024,False,False,0.1592515944392728,14.009661835748794,0.0,1.054466248610762,128.0,61.71875,119.5,,,,,,,,,
The Dadra And Nagar Haveli And Daman And Diu,2025,130760.0,212.0,48.0,0.0,False,2025,False,False,0.1621290914652799,22.641509433962263,0.0,1.060769536542034,207.0,2.415458937198068,167.5,,,,,,,,,
The Dadra And Nagar Haveli And Daman And Diu,2026(upto June),78214.0,57.0,8.0,0.0,True,2026,False,False,0.0728769785460403,14.035087719298245,0.0,0.6344985357226878,,,,,,,,,,,,
Tripura,2022,1181946.0,12771.0,9374.0,3.0,False,2022,False,False,1.0805062160200212,73.4006734006734,0.0234907211651397,1.133727438320779,,,,15.0,13.0,3.0,9.0,13.0,26.0,24.0,7.0,24.0
Tripura,2023,1584800.0,22412.0,12413.0,1.0,False,2023,False,False,1.4141847551741544,55.385507763698016,0.0044618954131715,1.5201466431214037,12771.0,75.49134758437084,,15.0,13.0,3.0,9.0,13.0,26.0,24.0,7.0,24.0
Tripura,2024,1185735.0,9738.0,4801.0,0.0,False,2024,False,False,0.8212627610722464,49.30170466214828,0.0,1.1373618626208717,22412.0,-56.55006246653579,17591.5,15.0,13.0,3.0,9.0,13.0,26.0,24.0,7.0,24.0
Tripura,2025,864631.0,6094.0,3644.0,0.0,False,2025,False,False,0.7048093348492016,59.796521168362325,0.0,0.8293575922442594,9738.0,-37.42041486958308,16075.0,15.0,13.0,3.0,9.0,13.0,26.0,24.0,7.0,24.0
Tripura,2026(upto June),395543.0,2520.0,1294.0,0.0,True,2026,False,False,0.6370988742058386,51.34920634920634,0.0,0.3794064636926864,,,,15.0,13.0,3.0,9.0,13.0,26.0,24.0,7.0,24.0
Uttar Pradesh,2022,8322741.0,7039.0,503.0,0.0,False,2022,False,False,0.0845755022293737,7.14590140644978,0.0,0.695441970091739,,,,28.0,5.0,23.0,26.0,23.0,23.0,7.0,28.0,4.0
Uttar Pradesh,2023,10672898.0,13603.0,1305.0,0.0,False,2023,False,False,0.1274536681602316,9.593472028229067,0.0,0.8918193191051098,7039.0,93.25188236965478,,28.0,5.0,23.0,26.0,23.0,23.0,7.0,28.0,4.0
Uttar Pradesh,2024,14512288.0,13477.0,998.0,0.0,False,2024,False,False,0.0928661283458542,7.405208874378571,0.0,1.2126358560549586,13603.0,-0.9262662647945308,10321.0,28.0,5.0,23.0,26.0,23.0,23.0,7.0,28.0,4.0
Uttar Pradesh,2025,18697953.0,14593.0,650.0,0.0,False,2025,False,False,0.0780459764766763,4.45419036524361,0.0,1.5623868712246052,13477.0,8.28077465311271,13540.0,28.0,5.0,23.0,26.0,23.0,23.0,7.0,28.0,4.0
Uttar Pradesh,2026(upto June),7631902.0,1418.0,36.0,0.0,True,2026,False,False,0.0185799031486515,2.538787023977433,0.0,0.6377159835235872,,,,28.0,5.0,23.0,26.0,23.0,23.0,7.0,28.0,4.0
Uttarakhand,2022,695700.0,19.0,4.0,0.0,False,2022,False,False,0.002731062239471,21.052631578947366,0.0,1.1872528263170452,,,,9.0,21.0,12.0,13.0,23.0,27.0,18.0,21.0,20.0
Uttarakhand,2023,706891.0,24.0,3.0,0.0,False,2023,False,False,0.0033951486155574,12.5,0.0,1.2063509237431111,19.0,26.31578947368421,,9.0,21.0,12.0,13.0,23.0,27.0,18.0,21.0,20.0
Uttarakhand,2024,721555.0,241.0,29.0,0.0,False,2024,False,False,0.0334000873114315,12.033195020746888,0.0,1.2313758992283967,24.0,904.1666666666666,21.5,9.0,21.0,12.0,13.0,23.0,27.0,18.0,21.0,20.0
Uttarakhand,2025,544830.0,196.0,56.0,0.0,False,2025,False,False,0.0359745241635005,28.57142857142857,0.0,0.929784328535742,241.0,-18.67219917012448,132.5,9.0,21.0,12.0,13.0,23.0,27.0,18.0,21.0,20.0
Uttarakhand,2026(upto June),260897.0,59.0,35.0,0.0,True,2026,False,False,0.0226142883973368,59.32203389830508,0.0,0.4452360221757052,,,,9.0,21.0,12.0,13.0,23.0,27.0,18.0,21.0,20.0
West Bengal,2022,11649846.0,40594.0,7277.0,3.0,False,2022,False,False,0.3484509580641667,17.92629452628467,0.0073902547174459,1.0139118905360334,,,,19.0,3.0,14.0,14.0,21.0,8.0,14.0,21.0,13.0
West Bengal,2023,12870741.0,26493.0,3565.0,2.0,False,2023,False,False,0.2058389645164952,13.456384705393878,0.0075491639300947,1.1201690854891675,40594.0,-34.736660590235005,,19.0,3.0,14.0,14.0,21.0,8.0,14.0,21.0,13.0
West Bengal,2024,13653675.0,21802.0,3841.0,2.0,False,2024,False,False,0.159678621323563,17.617649756903038,0.0091734703238235,1.1883095649517237,26493.0,-17.70656399803722,33543.5,19.0,3.0,14.0,14.0,21.0,8.0,14.0,21.0,13.0
West Bengal,2025,13183059.0,19840.0,3592.0,2.0,False,2025,False,False,0.1504961784666214,18.10483870967742,0.0100806451612903,1.1473508125118626,21802.0,-8.999174387670855,24147.5,19.0,3.0,14.0,14.0,21.0,8.0,14.0,21.0,13.0
West Bengal,2026(upto June),6092671.0,3691.0,639.0,0.0,True,2026,False,False,0.0605809832830297,17.312381468436737,0.0,0.5302586465112127,,,,19.0,3.0,14.0,14.0,21.0,8.0,14.0,21.0,13.0
